report_id,Data,Countries,Local,Industry Sector,Accident Level,Potential Accident Level,Genre,Employee or Third Party,Critical Risk,Description,description_clean,sif_proxy,is_exact_duplicate,is_repeated_description,has_label_conflict
R000404,2017-06-11,Country_01,Local_04,Mining,I,II,Male,Third Party,Others,"In circumstances that the worker prepared food in the electric pot, by not ensuring the lid falls on his head causing the injury described.","in circumstances that the worker prepared food in the electric pot, by not ensuring the lid falls on his head causing the injury described.",0,False,False,False
R000278,2016-12-23,Country_01,Local_04,Mining,II,IV,Male,Third Party,Others,"When performing the movement of the bar to make room and place a calibrator. Mr. Chuquillanqui pushes the bar with both hands turning it, being at that moment imprisoned the middle finger of the left hand against the other bar that was ahead.","when performing the movement of the bar to make room and place a calibrator. mr. chuquillanqui pushes the bar with both hands turning it, being at that moment imprisoned the middle finger of the left hand against the other bar that was ahead.",1,False,False,False
R000169,2016-07-08,Country_01,Local_06,Metals,III,IV,Male,Third Party,Manual Tools,"Being 10:25 h approx. hours the operator Fernando during the opening of wagons, finds a hardened stake and uses a bar of approx. 1.5m to remove it. At that moment he presses the bar and hits his hand.","being 10:25 h approx. hours the operator fernando during the opening of wagons, finds a hardened stake and uses a bar of approx. 1.5m to remove it. at that moment he presses the bar and hits his hand.",1,False,False,False
R000153,2016-06-18,Country_03,Local_10,Others,I,I,Male,Employee,Bees,"While traveling in the field in order to make geological mapping, the geologist Manoel who was accompanied by the prospector Marcos stooped to deviate from the vegetation, at that time, received three whistling stings being them, two on the face and one on the neck. There was no allergic reaction and activities followed normally after the event.","while traveling in the field in order to make geological mapping, the geologist manoel who was accompanied by the prospector marcos stooped to deviate from the vegetation, at that time, received three whistling stings being them, two on the face and one on the neck. there was no allergic reaction and activities followed normally after the event.",0,False,False,False
R000237,2016-10-11,Country_02,Local_05,Metals,I,III,Male,Employee,Chemical substances,Employee was doing cleaning near the area of ​​the pneumatic conveyor when he was hit by a drop of sulfuric acid on his upper lip.,employee was doing cleaning near the area of the pneumatic conveyor when he was hit by a drop of sulfuric acid on his upper lip.,0,False,False,False
R000160,2016-06-24,Country_01,Local_01,Mining,I,III,Male,Third Party,Others,"During the change of rim position 1 of the Jumbo ° 15, at moments that the mechanical technician with the support of the electrician disengaged the bolts, when loosening the fourth nut with the help of a lever (metal tube 1 ""diameter, 1.8m of length and a weight of 5.5 Kg), this bouncing effect returning to the initial position hitting in the palm of the left hand the electrician technician causing the injury. The employees at the time of the accident used their PPE's including leather gloves.","during the change of rim position 1 of the jumbo ° 15, at moments that the mechanical technician with the support of the electrician disengaged the bolts, when loosening the fourth nut with the help of a lever (metal tube 1 ""diameter, 1.8m of length and a weight of 5.5 kg), this bouncing effect returning to the initial position hitting in the palm of the left hand the electrician technician causing the injury. the employees at the time of the accident used their ppe's including leather gloves.",0,False,False,False
R000285,2016-12-31,Country_01,Local_04,Mining,III,IV,Male,Third Party,Others,"Being approximately 8:10 p.m. Alpha operator Mr. Ronald was heading to mine when he decides to stop the equipment to accommodate the lights (left side), manipulating the support of the lighthouse, catching his fifth finger of the right hand with the protection grid and support.","being approximately 8:10 p.m. alpha operator mr. ronald was heading to mine when he decides to stop the equipment to accommodate the lights (left side), manipulating the support of the lighthouse, catching his fifth finger of the right hand with the protection grid and support.",1,False,False,False
R000357,2017-03-15,Country_02,Local_08,Metals,II,IV,Female,Employee,Chemical substances,"During the preparation for the solubilization activity of the sample in the chapel, the maid when moving the vial of nitric acid, the same detached from the doser, causing projection in the region of the face and upper limbs.","during the preparation for the solubilization activity of the sample in the chapel, the maid when moving the vial of nitric acid, the same detached from the doser, causing projection in the region of the face and upper limbs.",1,False,False,False
R000124,2016-05-20,Country_01,Local_06,Metals,I,I,Male,Third Party,Fall prevention (same level),"In circumstances that the collaborator Juveni performed the washing of the tabolas in the pot washing area, she suffers a feeling of dizziness and faintness causing the fall the same level and producing a slight concussion in the head.","in circumstances that the collaborator juveni performed the washing of the tabolas in the pot washing area, she suffers a feeling of dizziness and faintness causing the fall the same level and producing a slight concussion in the head.",0,False,False,False
R000133,2016-06-01,Country_02,Local_05,Metals,I,III,Male,Employee,Cut,The clerk was peeling and pulling a sheet came another one that struck in his 5th chirodactile of the left hand tearing his PVC sleeve caused a cut.,the clerk was peeling and pulling a sheet came another one that struck in his 5th chirodactile of the left hand tearing his pvc sleeve caused a cut.,0,False,False,False
R000205,2016-09-02,Country_01,Local_03,Mining,I,I,Male,Third Party,Others,"At level 4150 (+80) Unicon plant the collaborator was doing shuttering work in the concrete water sedimentation basin, at the moment of nailing a wood as it supplies on another 4 x 4 inch strip, he feels that the metallic hammer loosen the wooden handle and to fix it, he grabs the hammer by the head and hits the handle vertically on a wood, generating the injury. At the time of the accident the employee did not use his safety gloves.","at level 4150 (+80) unicon plant the collaborator was doing shuttering work in the concrete water sedimentation basin, at the moment of nailing a wood as it supplies on another 4 x 4 inch strip, he feels that the metallic hammer loosen the wooden handle and to fix it, he grabs the hammer by the head and hits the handle vertically on a wood, generating the injury. at the time of the accident the employee did not use his safety gloves.",0,False,False,False
R000062,2016-03-18,Country_01,Local_04,Mining,IV,IV,Male,Third Party,Others,"Approximately at 11:50 a.m. in circumstances that the Messrs. of the truck crane) and William de la Cruz culminated the shipment of 03 blocks of metal plates with an approximate weight of 1800 Kg. Mr. William de the Cross (rigger) climbs onto the truck to remove the sling, places both feet under the stretcher that supported the metal plates. At that moment the central part of the stretcher is broken, as a result of which the two feet are imprisoned producing the injury.","approximately at 11:50 a.m. in circumstances that the messrs. of the truck crane) and william de la cruz culminated the shipment of 03 blocks of metal plates with an approximate weight of 1800 kg. mr. william de the cross (rigger) climbs onto the truck to remove the sling, places both feet under the stretcher that supported the metal plates. at that moment the central part of the stretcher is broken, as a result of which the two feet are imprisoned producing the injury.",1,False,False,False
R000236,2016-10-10,Country_01,Local_04,Mining,III,IV,Male,Employee,Others,"Being approx. 23:45 hrs. Mr. Eliseo secondary crushing operator, when retiring to his snack, finds the gate of the chute of strip 6 open, and when approaching to close the gate, in that At that moment, the operator Mr. Samuel who was on the upper platform, coordinates with the operator of the control room the start of strip 6-1, at that moment the start-up product projects a particle (10x6x5cm) impacting on the flange of the gate and projecting to towards the height of the lenses and respirator of Mr. Eliseo.","being approx. 23:45 hrs. mr. eliseo secondary crushing operator, when retiring to his snack, finds the gate of the chute of strip 6 open, and when approaching to close the gate, in that at that moment, the operator mr. samuel who was on the upper platform, coordinates with the operator of the control room the start of strip 6-1, at that moment the start-up product projects a particle (10x6x5cm) impacting on the flange of the gate and projecting to towards the height of the lenses and respirator of mr. eliseo.",1,False,False,False
R000348,2017-03-04,Country_02,Local_02,Mining,I,V,Male,Employee,Vehicles and Mobile Equipment,"The employee, who was hitchhiking, on the CEP 403 truck, equipment, he crossed the central canterio of the track to catch the key of the wheel loader with another operator who was stopped in the opposite direction. Upon returning to the truck, it was hit in the arm left by the loader tire that was traveling along the road and passed the CEP-403 on the right.","the employee, who was hitchhiking, on the cep 403 truck, equipment, he crossed the central canterio of the track to catch the key of the wheel loader with another operator who was stopped in the opposite direction. upon returning to the truck, it was hit in the arm left by the loader tire that was traveling along the road and passed the cep-403 on the right.",1,False,False,False
R000301,2017-01-20,Country_01,Local_06,Metals,IV,IV,Male,Third Party (Remote),Fall prevention,"At 15:05 hours, Mr. Cesar Tello-MOINSAC, was carrying out the work of assembling the water line, for that he climbs up the cat ladder and at an approximate height of 2.5 meters he vanishes and falls, hitting himself on the way, being transferred to the medical center for his attention.","at 15:05 hours, mr. cesar tello-moinsac, was carrying out the work of assembling the water line, for that he climbs up the cat ladder and at an approximate height of 2.5 meters he vanishes and falls, hitting himself on the way, being transferred to the medical center for his attention.",1,False,False,False
R000115,2016-05-05,Country_02,Local_08,Metals,I,II,Male,Third Party (Remote),Manual Tools,"During the die cutting of the feeder (PEAD geomembrane blanket weld seam) to store the extruder, the stylet blade came in the direction of its left forearm, resulting in blunt short injury.","during the die cutting of the feeder (pead geomembrane blanket weld seam) to store the extruder, the stylet blade came in the direction of its left forearm, resulting in blunt short injury.",0,False,False,False
R000079,2016-03-10,Country_03,Local_10,Others,II,II,Male,Third Party,Others,"When accessing the Santa do Novo area, in order to open the chop, General was moving ahead of the team in order to open access for Manetometer, when he came across an area with a steep slope and gravel presence. In a certain place of access the employee slipped, coming with this to become unbalanced. At that moment the machete that was in his left hand came to slip the right leg above the knee, causing a cut 3cm.","when accessing the santa do novo area, in order to open the chop, general was moving ahead of the team in order to open access for manetometer, when he came across an area with a steep slope and gravel presence. in a certain place of access the employee slipped, coming with this to become unbalanced. at that moment the machete that was in his left hand came to slip the right leg above the knee, causing a cut 3cm.",0,False,False,False
R000099,2016-04-23,Country_01,Local_04,Mining,I,III,Male,Employee,Others,"Being 12:20 pm. Approximately in NV 1680 OB5 CX 018, Mr. Cesar - Operator of mine services, in an instant that he was picking up the cat position one of the truck crane of plate ACL 804, when raising with the right hand the lower part of the cat is indexed the index finger of the left hand, between the body of the cylinder valve of the cat and the valve of the turntable that was in the upper part.","being 12:20 pm. approximately in nv 1680 ob5 cx 018, mr. cesar - operator of mine services, in an instant that he was picking up the cat position one of the truck crane of plate acl 804, when raising with the right hand the lower part of the cat is indexed the index finger of the left hand, between the body of the cylinder valve of the cat and the valve of the turntable that was in the upper part.",0,False,False,False
R000031,2016-02-17,Country_01,Local_03,Mining,I,II,Male,Employee,Others,"When the plant operator was semi-kneeling when lifting the lid or gate (15 kg) of the distributor box of the secondary mill No. 4 and No. 5, his right knee slips due to the presence of debris spilled on the platform or floor (Grating) - which gave him an extra effort in his left leg, generating a muscle contracture.","when the plant operator was semi-kneeling when lifting the lid or gate (15 kg) of the distributor box of the secondary mill no. 4 and no. 5, his right knee slips due to the presence of debris spilled on the platform or floor (grating) - which gave him an extra effort in his left leg, generating a muscle contracture.",0,False,False,False
R000207,2016-09-03,Country_01,Local_04,Mining,III,IV,Male,Employee,Others,"During the maintenance work of the vertical pump (8 "") of zinc concentrate, the three mechanics were performing lifting maneuvers to be able to position the pump to the drawer, instants in which the pump becomes clogged by the reduced space of the work area and in order to release the pump they place a young lady in the lower part, at which time she is released and turns untimely, hitting the middle finger of the injured person's right hand against a 12 ""trellex hose.","during the maintenance work of the vertical pump (8 "") of zinc concentrate, the three mechanics were performing lifting maneuvers to be able to position the pump to the drawer, instants in which the pump becomes clogged by the reduced space of the work area and in order to release the pump they place a young lady in the lower part, at which time she is released and turns untimely, hitting the middle finger of the injured person's right hand against a 12 ""trellex hose.",1,False,False,False
R000378,2017-04-23,Country_01,Local_06,Metals,I,II,Male,Third Party,Projection,"Approx. 10:00 pm. Mr. Victor at the time he made a visual inspection of scaffolding, suffered a slight blow to the level of the right ear with the metallic extension of the chute of the conveyor chain.","approx. 10:00 pm. mr. victor at the time he made a visual inspection of scaffolding, suffered a slight blow to the level of the right ear with the metallic extension of the chute of the conveyor chain.",0,False,False,False
R000260,2016-11-29,Country_02,Local_08,Metals,II,III,Male,Employee,Others,"During the exchange of the shock-bearing housing, the employee used a sledgehammer to hit the pipe. At this stage of the activity the hammer hit the stepladder that was very close, coming to (hand tool) to be projected onto the left hand thumb, which was holding the piece.","during the exchange of the shock-bearing housing, the employee used a sledgehammer to hit the pipe. at this stage of the activity the hammer hit the stepladder that was very close, coming to (hand tool) to be projected onto the left hand thumb, which was holding the piece.",0,False,False,False
R000155,2016-06-17,Country_02,Local_08,Metals,IV,V,Male,Employee,Not applicable,"At approximately 5:45 pm, the operator Paulo (operator of the filters) informed the autoclave operator via radio of a leak on the side of the scruber. The autoclave III feed was stopped by the control and officials Georli and Renato initiated the procedures for closing the autoclave transfer valve for flash TQs. Soon after, there was a break in the chicken, projecting pulp hot and reaching three employees who were inside the room near the equipment.","at approximately 5:45 pm, the operator paulo (operator of the filters) informed the autoclave operator via radio of a leak on the side of the scruber. the autoclave iii feed was stopped by the control and officials georli and renato initiated the procedures for closing the autoclave transfer valve for flash tqs. soon after, there was a break in the chicken, projecting pulp hot and reaching three employees who were inside the room near the equipment.",1,False,False,False
R000369,2017-04-10,Country_02,Local_02,Mining,I,II,Male,Third Party,Chemical substances,"Employee to perform painting of the floor of the fuel tank area, he needed cleaning, and by pouring water-thinner on the floor, the bucket slipped out of his hand and the mixture projected onto his left shoulder and lower lip, causing redness and burning.","employee to perform painting of the floor of the fuel tank area, he needed cleaning, and by pouring water-thinner on the floor, the bucket slipped out of his hand and the mixture projected onto his left shoulder and lower lip, causing redness and burning.",0,False,False,False
R000055,2016-03-12,Country_02,Local_07,Mining,III,IV,Male,Employee,Others,"By manually moving a steel cabinet for disposal with the help of another employee, the operator had his finger pressed down between the wall and the cabinet causing injury.","by manually moving a steel cabinet for disposal with the help of another employee, the operator had his finger pressed down between the wall and the cabinet causing injury.",1,False,False,False
R000163,2016-07-02,Country_01,Local_03,Mining,V,V,Male,Third Party,Others,"In access 2 of level 3910, during the installation activity of hydraulic filling pipes of 4 ""diameter, when installing a section 80 m to a height of 5.6 m with reference to the floor, the master of hydraulic filling - accident - and his partner suffers an attrition of the right hand between the upper edge of the scoop lamp and the roof of the work generating the injury. At the time of the accident the employee used his rubber gloves.","in access 2 of level 3910, during the installation activity of hydraulic filling pipes of 4 ""diameter, when installing a section 80 m to a height of 5.6 m with reference to the floor, the master of hydraulic filling - accident - and his partner suffers an attrition of the right hand between the upper edge of the scoop lamp and the roof of the work generating the injury. at the time of the accident the employee used his rubber gloves.",1,False,False,False
R000104,2016-04-30,Country_02,Local_05,Metals,I,IV,Male,Employee,Pressed,"The employee performed the return of the load at the entrance of the debarking machine, while trying to align a cathode was pressed in his right hand.","the employee performed the return of the load at the entrance of the debarking machine, while trying to align a cathode was pressed in his right hand.",1,False,False,False
R000140,2016-06-08,Country_01,Local_04,Mining,I,III,Male,Third Party,Others,"At times that the workers: Technician and Mr. Orlando of Boltec 2 of Cia. wanted to pass the hand stacker by a sardinel, the technician pulled the hydraulic arm, while Mr. was pushing from the nail of the equipment, when reaching the trench the rim is tied and the team turns forward falling on the technician.","at times that the workers: technician and mr. orlando of boltec 2 of cia. wanted to pass the hand stacker by a sardinel, the technician pulled the hydraulic arm, while mr. was pushing from the nail of the equipment, when reaching the trench the rim is tied and the team turns forward falling on the technician.",0,False,False,False
R000209,2016-09-06,Country_02,Local_02,Mining,I,II,Male,Employee,Others,the check list of the area of ​​the survey the operator slipped in the foliage of the leucenas and fell.,the check list of the area of the survey the operator slipped in the foliage of the leucenas and fell.,0,False,False,False
R000194,2016-08-18,Country_01,Local_03,Mining,I,III,Male,Employee,Others,"At level 3450 access 4 A2, the operator of the Scissor # 200 performed the support of the crown, at which time a piece of rock (13cmx6cmx2cm; 54g) passes between the cocada of the support mesh, from a height of 1.60 meters, towards the platform of the team breaking into particles one of which reaches his right eye causing the injury.","at level 3450 access 4 a2, the operator of the scissor # 200 performed the support of the crown, at which time a piece of rock (13cmx6cmx2cm; 54g) passes between the cocada of the support mesh, from a height of 1.60 meters, towards the platform of the team breaking into particles one of which reaches his right eye causing the injury.",0,False,False,False
R000088,2016-04-11,Country_01,Local_01,Mining,I,IV,Male,Third Party,Others,"Once the RB machine is lifted (weight 7 tn) at 15 cm from the floor level, the accidently proceeds to pull the RB machine with a key of 5 tons (maximum cap), to lay it on the floor, after advancing 70 cm horizontally, the anchor bolt (pig tail type, 5/8 ""diameter) to which the key was hooked, it breaks transversely, and with the pulling force, this key is projected onto the injured person's left shoulder causing the injury. - The injured was 1.50 meters from the key. - At the time of the incident, the assistant was 5 meters away doing order and cleaning","once the rb machine is lifted (weight 7 tn) at 15 cm from the floor level, the accidently proceeds to pull the rb machine with a key of 5 tons (maximum cap), to lay it on the floor, after advancing 70 cm horizontally, the anchor bolt (pig tail type, 5/8 ""diameter) to which the key was hooked, it breaks transversely, and with the pulling force, this key is projected onto the injured person's left shoulder causing the injury. - the injured was 1.50 meters from the key. - at the time of the incident, the assistant was 5 meters away doing order and cleaning",1,False,False,False
R000107,2016-05-01,Country_01,Local_04,Mining,I,IV,Male,Third Party,Others,"When carrying out the maneuver to increase the HQ pipe line, the driller Wilder indicates the assistant Gilton introduce the inner pipe to the drill, the assistant introduces the inner pipe and places his hand in the box of the pipe, while the driller Without noticing, he moves the pipe over the assistant's hand and opens the chuck of the rotation unit, dropping the pipe, imprisoning the injured person's right hand causing the injury.","when carrying out the maneuver to increase the hq pipe line, the driller wilder indicates the assistant gilton introduce the inner pipe to the drill, the assistant introduces the inner pipe and places his hand in the box of the pipe, while the driller without noticing, he moves the pipe over the assistant's hand and opens the chuck of the rotation unit, dropping the pipe, imprisoning the injured person's right hand causing the injury.",1,False,False,False
R000310,2017-01-29,Country_01,Local_01,Mining,I,III,Male,Third Party,Vehicles and Mobile Equipment,"In circumstances that the tipper MV-01 of the EE Mceisa, moved of the Nv. 3120 to Nv. 3300, the operator sees a congestion of equipment in front of his unit in the Ramp 990 - at a distance of 80 meters. of access to the Nv. 3300, which is why he decides to get off the cab by turning off his vehicle, when suddenly he slides off the second rung that is 0.70 m from the ground, hitting the right forearm region against the fender and the same rung.","in circumstances that the tipper mv-01 of the ee mceisa, moved of the nv. 3120 to nv. 3300, the operator sees a congestion of equipment in front of his unit in the ramp 990 - at a distance of 80 meters. of access to the nv. 3300, which is why he decides to get off the cab by turning off his vehicle, when suddenly he slides off the second rung that is 0.70 m from the ground, hitting the right forearm region against the fender and the same rung.",0,False,False,False
R000391,2017-05-16,Country_02,Local_05,Metals,I,III,Female,Third Party (Remote),Cut,"The maid was handling a pipette for sample preparation for chemical analysis, while trying to place it on the three-way pear, the pipette came to break causing a superficial cut in her right hand.","the maid was handling a pipette for sample preparation for chemical analysis, while trying to place it on the three-way pear, the pipette came to break causing a superficial cut in her right hand.",0,False,False,False
R000010,2016-01-26,Country_01,Local_06,Metals,I,II,Male,Third Party,Chemical substances,"At the moment the forklift operator went to manipulate big bag of bioxide in section 70 and just in front of the ladder that leads to the area of ​​manual displacement, he splashed spent at the height of his forehead from a fissure in pipe G -069, subsequently spilling to his left eye. The collaborator went to the nearby eyewash for cleaning and immediately to the medical center.","at the moment the forklift operator went to manipulate big bag of bioxide in section 70 and just in front of the ladder that leads to the area of manual displacement, he splashed spent at the height of his forehead from a fissure in pipe g -069, subsequently spilling to his left eye. the collaborator went to the nearby eyewash for cleaning and immediately to the medical center.",0,False,False,False
R000141,2016-06-07,Country_01,Local_01,Mining,I,I,Male,Employee,Others,"In circumstances where the employee made the connection of the electric cable of the No. 08 jumbo, the operator feels discomfort in the face cleaning with the hand while using the rubber glove, generating a superficial laceration (small wound) on the left cheekbone.","in circumstances where the employee made the connection of the electric cable of the no. 08 jumbo, the operator feels discomfort in the face cleaning with the hand while using the rubber glove, generating a superficial laceration (small wound) on the left cheekbone.",0,False,False,False
R000005,2016-01-10,Country_01,Local_04,Mining,IV,IV,Male,Third Party,Others,"Approximately at 11:45 a.m. in circumstances that the mechanics Anthony (group leader), Eduardo and Eric Fernández-injured-the three of the Company IMPROMEC, performed the removal of the pulley of the motor of the pump 3015 in the ZAF of Marcy. 27 cm / Length: 33 cm / Weight: 70 kg), as it was locked proceed to heating the pulley to loosen it, it comes out and falls from a distance of 1.06 meters high and hits the instep of the right foot of the worker, causing the injury described.","approximately at 11:45 a.m. in circumstances that the mechanics anthony (group leader), eduardo and eric fernández-injured-the three of the company impromec, performed the removal of the pulley of the motor of the pump 3015 in the zaf of marcy. 27 cm / length: 33 cm / weight: 70 kg), as it was locked proceed to heating the pulley to loosen it, it comes out and falls from a distance of 1.06 meters high and hits the instep of the right foot of the worker, causing the injury described.",1,False,False,False
R000399,2017-05-23,Country_01,Local_03,Mining,I,IV,Male,Third Party,Others,"In circumstances that the worker was walking along the straight line of level 2790, step on a rock of approximately 10 cm x 5 cm, bending the right ankle, which caused the injury described. After the event occurred, the worker decided not to report the accident because he did not feel pain, at 3:30 p.m. approximately, he begins to feel discomfort when walking and progressive mild pain in the ankle, in that moment he communicates the event.","in circumstances that the worker was walking along the straight line of level 2790, step on a rock of approximately 10 cm x 5 cm, bending the right ankle, which caused the injury described. after the event occurred, the worker decided not to report the accident because he did not feel pain, at 3:30 p.m. approximately, he begins to feel discomfort when walking and progressive mild pain in the ankle, in that moment he communicates the event.",1,False,False,False
R000326,2017-02-13,Country_02,Local_08,Metals,II,III,Male,Employee,Pressed,"While preparing to mount polypropylene tubing, the employee pulled the pickup from the truck and positioned it in place, pressing the finger between the tube and the concrete wall.","while preparing to mount polypropylene tubing, the employee pulled the pickup from the truck and positioned it in place, pressing the finger between the tube and the concrete wall.",0,False,False,False
R000138,2016-06-05,Country_01,Local_03,Mining,I,III,Male,Employee,Others,"at level 2900, during the ore hauling activity with locomotive from the OP2 to the bines, at times when the convoy was traveling through the hopper of the OP1, the assistant motorist who was riding in the saddle holding the pole is struck weakly by a split set which was suspended in the HDP pipeline in the gable the work at 1.65 meters from the floor. At the time of the accident, the assistant was wearing all his safety equipment and was wearing a seatbelt. At the time of the accident the Split set only accompanied the movement path of the convoy.","at level 2900, during the ore hauling activity with locomotive from the op2 to the bines, at times when the convoy was traveling through the hopper of the op1, the assistant motorist who was riding in the saddle holding the pole is struck weakly by a split set which was suspended in the hdp pipeline in the gable the work at 1.65 meters from the floor. at the time of the accident, the assistant was wearing all his safety equipment and was wearing a seatbelt. at the time of the accident the split set only accompanied the movement path of the convoy.",0,False,False,False
R000047,2016-03-04,Country_01,Local_06,Metals,I,III,Male,Employee,Manual Tools,"The operator cleaned with spatula spear through one of the windows of the boiler, at that time by force action hit the window frame, causing injury to the little finger of the left hand, the operator had all EPP for boiler cleaning.","the operator cleaned with spatula spear through one of the windows of the boiler, at that time by force action hit the window frame, causing injury to the little finger of the left hand, the operator had all epp for boiler cleaning.",0,False,False,False
R000244,2016-10-24,Country_01,Local_01,Mining,I,IV,Male,Third Party,Others,"In circumstances that the mechanical technician and his work colleague arranged to accommodate the spare (Rollover) of the Small 02 on the platform of the cart on the floor, the two squat collaborators decide to push one on each side, at which time one edge of the Rollover imprisons the third finger of left hand against the handle of the cart on the right side, causing the wound on the third finger left hand. At the time of the accident both employees used their respective gloves.","in circumstances that the mechanical technician and his work colleague arranged to accommodate the spare (rollover) of the small 02 on the platform of the cart on the floor, the two squat collaborators decide to push one on each side, at which time one edge of the rollover imprisons the third finger of left hand against the handle of the cart on the right side, causing the wound on the third finger left hand. at the time of the accident both employees used their respective gloves.",1,False,False,False
R000164,2016-07-04,Country_01,Local_06,Metals,III,IV,Male,Third Party,Pressed,"At 11:00 a.m., Mr. Frank with the support of another mechanic, was preparing to place on the floor a metal part called the rear bridge of the forklift. At that moment the part moving part moves generating a blow to the middle finger of the left hand","at 11:00 a.m., mr. frank with the support of another mechanic, was preparing to place on the floor a metal part called the rear bridge of the forklift. at that moment the part moving part moves generating a blow to the middle finger of the left hand",1,False,False,False
R000084,2016-04-05,Country_01,Local_06,Metals,I,III,Male,Third Party,Fall prevention (same level),"The worker carried out the disassembly of 03 scaffolding bodies in the pulpomatic of the thickener D2251. the dismantling of the base of the scaffold, located approximately one meter high from the floor of the sump, the rivets of the anchor support of the platform were broken, causing the fall of the worker and impacting the right knee with the support that I am anchored in one of the horizontals of the scaffolding structure.","the worker carried out the disassembly of 03 scaffolding bodies in the pulpomatic of the thickener d2251. the dismantling of the base of the scaffold, located approximately one meter high from the floor of the sump, the rivets of the anchor support of the platform were broken, causing the fall of the worker and impacting the right knee with the support that i am anchored in one of the horizontals of the scaffolding structure.",0,False,False,False
R000065,2016-03-18,Country_02,Local_05,Metals,I,IV,Male,Employee,Fall prevention (same level),"The employee was clearing the liquid zinc pump from oven 04, when he stepped on the platform and became unbalanced with a twist in his left foot.","the employee was clearing the liquid zinc pump from oven 04, when he stepped on the platform and became unbalanced with a twist in his left foot.",1,False,False,False
R000334,2017-02-17,Country_01,Local_01,Mining,I,IV,Male,Third Party,Projection,"At the conclusion of the unloading of ore with the AMP-819 plate tipper, in the pit 01, the driver notices that a stretch of support mesh is stuck in the hopper hatch; then the driver gets off his equipment (with the hopper lifted) to remove with his hands this mesh, when generating force, fine particles of rock fall and one of them is impregnated in the eye of the injured. At the time of the incident, the injured person used his measuring glasses and did not have any surcharges.","at the conclusion of the unloading of ore with the amp-819 plate tipper, in the pit 01, the driver notices that a stretch of support mesh is stuck in the hopper hatch; then the driver gets off his equipment (with the hopper lifted) to remove with his hands this mesh, when generating force, fine particles of rock fall and one of them is impregnated in the eye of the injured. at the time of the incident, the injured person used his measuring glasses and did not have any surcharges.",1,False,False,False
R000096,2016-04-18,Country_01,Local_03,Mining,I,III,Male,Third Party,Others,"When moving a roll of electro-welded mesh of 95 kg of weight to place on the hopper of the truck, two operators pull the roll of mesh to bring it to the hopper of the truck at which time the imprisonment of the left hand of one of the operators between the mesh and the body of the hopper generating the described injury. At the time of the accident, both operators were wearing PVC-type safety gloves.","when moving a roll of electro-welded mesh of 95 kg of weight to place on the hopper of the truck, two operators pull the roll of mesh to bring it to the hopper of the truck at which time the imprisonment of the left hand of one of the operators between the mesh and the body of the hopper generating the described injury. at the time of the accident, both operators were wearing pvc-type safety gloves.",0,False,False,False
R000009,2016-01-19,Country_02,Local_02,Mining,I,IV,Male,Third Party (Remote),Others,"Employee was sitting in the resting area at level 326 (raise bore), when he suffered sudden illness, falling and suffering excoriation on the face.","employee was sitting in the resting area at level 326 (raise bore), when he suffered sudden illness, falling and suffering excoriation on the face.",1,False,False,False
R000361,2017-03-25,Country_03,Local_10,Others,I,I,Male,Employee,Others,"The technician was doing the magnetometric survey when he stepped on a thorn. His reaction was to immediately retreat, losing his balance and so the magnetometer's antenna broke.","the technician was doing the magnetometric survey when he stepped on a thorn. his reaction was to immediately retreat, losing his balance and so the magnetometer's antenna broke.",0,False,False,False
R000376,2017-04-23,Country_01,Local_04,Mining,I,III,Male,Third Party,Others,"In moments that Mr. William carried out the inspection of the cut of the Block 781 Level 1850 OB6A, so that the loading platform could be realized, in instants that observed the drills positive radial ones that were covered and shotcreteados, he hears a noise from the upper part of the pit (detachments of banks at the center of the pit), to which Mr. William goes back to leave work, but his metatarsal boots makes contact with a rock that was on the floor which causes it to lose balance and stumble on the gable.","in moments that mr. william carried out the inspection of the cut of the block 781 level 1850 ob6a, so that the loading platform could be realized, in instants that observed the drills positive radial ones that were covered and shotcreteados, he hears a noise from the upper part of the pit (detachments of banks at the center of the pit), to which mr. william goes back to leave work, but his metatarsal boots makes contact with a rock that was on the floor which causes it to lose balance and stumble on the gable.",0,False,False,False
R000101,2016-04-26,Country_02,Local_05,Metals,I,II,Female,Third Party,Cut,The injured woman performed cleaning and when cleaning the sink of the collection room pierced the finger with a fragment of glass.,the injured woman performed cleaning and when cleaning the sink of the collection room pierced the finger with a fragment of glass.,0,False,False,False
R000265,2016-12-08,Country_01,Local_01,Mining,I,IV,Male,Employee,Suspended Loads,"At times when four mechanics performed the removal of a (1TM) engine on a positive slope using a key and a tyrfor, at the time that the 1st welder tightened the key (12 Kg of weight) when pulling the chain the eyebolt that held the Click on the roof of the work is broken transversely causing the fall of the key hitting the helmet of the welder mechanic causing cervical contracture. The tirfor was used during the activity as a second protection to prevent the engine from falling.","at times when four mechanics performed the removal of a (1tm) engine on a positive slope using a key and a tyrfor, at the time that the 1st welder tightened the key (12 kg of weight) when pulling the chain the eyebolt that held the click on the roof of the work is broken transversely causing the fall of the key hitting the helmet of the welder mechanic causing cervical contracture. the tirfor was used during the activity as a second protection to prevent the engine from falling.",1,False,False,False
R000302,2017-01-20,Country_01,Local_04,Mining,I,III,Male,Third Party,Manual Tools,"When manipulating materials on the master drill truck, the operators decide to make space by moving a radiator, at that moment the driver of the truck is imprisoned the little finger of the left hand against the bar.","when manipulating materials on the master drill truck, the operators decide to make space by moving a radiator, at that moment the driver of the truck is imprisoned the little finger of the left hand against the bar.",0,False,False,False
R000354,2017-03-10,Country_01,Local_03,Mining,II,IV,Male,Third Party,Individual protection equipment,"In the Nv. 2930 - Chamber of accumulation of aggregates: When the worker, made the cast of shotcrete towards the crown of the work, at 2:00 p.m. he perceives discomfort and fogging of the full face, then decides to take it off and chooses to use only his safety glasses for comfort to continue with the thrown shotcrete, at 3:45 p.m. suffers the projection of shotcrete rebound particles in the left eye.","in the nv. 2930 - chamber of accumulation of aggregates: when the worker, made the cast of shotcrete towards the crown of the work, at 2:00 p.m. he perceives discomfort and fogging of the full face, then decides to take it off and chooses to use only his safety glasses for comfort to continue with the thrown shotcrete, at 3:45 p.m. suffers the projection of shotcrete rebound particles in the left eye.",1,False,False,False
R000021,2016-02-25,Country_01,Local_06,Metals,I,II,Male,Third Party,Others,"At 14:16, the operator Samuel was about to open the container for its subsequent loading with silver concentrate, and opened the first gate. Afterwards, he tries to open the second door and it is when product of the opening of the latter, the first one opens and impacts with the handle the safety lens and generates the injury in the left cheekbone of the face of the operator.","at 14:16, the operator samuel was about to open the container for its subsequent loading with silver concentrate, and opened the first gate. afterwards, he tries to open the second door and it is when product of the opening of the latter, the first one opens and impacts with the handle the safety lens and generates the injury in the left cheekbone of the face of the operator.",0,False,False,False
R000390,2017-05-10,Country_01,Local_04,Mining,V,V,Male,Third Party,Fall,"When performing shotcrete casting for resane on Cruise 791 Nv. 1940 at 02:50 p.m. approximately, the operator was placed on the left side of the equipment and started the release of 02 cubic meters, at that time decided to paralyze the task for a few minutes due to a leak of water in the roof box that did not allow the adhesion of the shotcrete to the rock (setting). When restarting the shotcrete launch the operator that was on the left side moved to the right side of the equipment, while the assistant and the operator mixkret to see that there was no pumping went to verify what happened and when they returned they realized that the operator was not, so they assume that he had fallen down the chimney, they left the job to ask for help immediately. The emergency response brigade and the medical service are activated, who verify the death of the collaborator. The accident investigation begins.","when performing shotcrete casting for resane on cruise 791 nv. 1940 at 02:50 p.m. approximately, the operator was placed on the left side of the equipment and started the release of 02 cubic meters, at that time decided to paralyze the task for a few minutes due to a leak of water in the roof box that did not allow the adhesion of the shotcrete to the rock (setting). when restarting the shotcrete launch the operator that was on the left side moved to the right side of the equipment, while the assistant and the operator mixkret to see that there was no pumping went to verify what happened and when they returned they realized that the operator was not, so they assume that he had fallen down the chimney, they left the job to ask for help immediately. the emergency response brigade and the medical service are activated, who verify the death of the collaborator. the accident investigation begins.",1,False,False,False
R000149,2016-06-16,Country_03,Local_10,Others,I,I,Male,Third Party,Bees,"The Geologo and the auxiliary Elismar traveled to evaluate geological points following the GPS near some drainage. Following the state highway that gives access to the Aripuanã area, they stopped and got out of the vehicle to see the point identified in the GPS, Renato, when distancing himself about seven meters from the vehicle following the road, was surprised by four bites of thorns on his face and neck. Quickly he hurried back to the vehicle, moving away from the place. The clerk was wearing a girdle and goggles, he still was not wearing gloves, as he would not enter the forest area. There was no allergic reaction.","the geologo and the auxiliary elismar traveled to evaluate geological points following the gps near some drainage. following the state highway that gives access to the aripuanã area, they stopped and got out of the vehicle to see the point identified in the gps, renato, when distancing himself about seven meters from the vehicle following the road, was surprised by four bites of thorns on his face and neck. quickly he hurried back to the vehicle, moving away from the place. the clerk was wearing a girdle and goggles, he still was not wearing gloves, as he would not enter the forest area. there was no allergic reaction.",0,False,False,False
R000262,2016-12-01,Country_01,Local_03,Mining,I,IV,Male,Employee,Others,"During the activity of chuteo of ore in hopper OP5; the operator of the locomotive parks his equipment under the hopper to fill the first car, it is at this moment that when it was blowing out to release the load, a mud flow suddenly appears with the presence of rock fragments; the personnel that was in the direction of the flow was covered with mud.","during the activity of chuteo of ore in hopper op5; the operator of the locomotive parks his equipment under the hopper to fill the first car, it is at this moment that when it was blowing out to release the load, a mud flow suddenly appears with the presence of rock fragments; the personnel that was in the direction of the flow was covered with mud.",1,True,True,False
R000331,2017-02-16,Country_01,Local_03,Mining,I,II,Female,Third Party (Remote),Fall,"By averaging 8:23 am at the offices of Ajani, Liliana prepares to store folders in the warehouse, to go to the place it comes out of the iglu, when going down the two steps it does so diagonally so it sits the left foot on the edge of the second step causing the foot to bend Left inward, it stabilizes quickly avoiding falling to the ground.","by averaging 8:23 am at the offices of ajani, liliana prepares to store folders in the warehouse, to go to the place it comes out of the iglu, when going down the two steps it does so diagonally so it sits the left foot on the edge of the second step causing the foot to bend left inward, it stabilizes quickly avoiding falling to the ground.",0,False,False,False
R000289,2017-01-06,Country_02,Local_08,Metals,I,I,Male,Employee,Pressed,"During the preparation for the scaffolding activity, the employee was loading the pieces to the designated place where he had his finger pressed between the metal pieces that were being moved.","during the preparation for the scaffolding activity, the employee was loading the pieces to the designated place where he had his finger pressed between the metal pieces that were being moved.",0,False,False,False
R000059,2016-03-10,Country_02,Local_05,Metals,I,II,Male,Employee,Pressed,"The employee reports that when he lowered the cloths in the purification, he arranged the cart so that it would not grab the pipe, pressing his left hand between the cloths and the cart.","the employee reports that when he lowered the cloths in the purification, he arranged the cart so that it would not grab the pipe, pressing his left hand between the cloths and the cart.",0,False,False,False
R000020,2016-02-21,Country_01,Local_06,Metals,I,III,Male,Employee,Others,"The worker Manuel was making the disconnection of the power cables of the gate that is at the intersection of Manco streets with Cajamarquilla in order to remove it. In circumstances that Mr. José worker of the company ITS, was removing the rope tied in the body of the gate, this yields and falls pulling the warning post which hits the helmet of Mr. who He was standing at his side.","the worker manuel was making the disconnection of the power cables of the gate that is at the intersection of manco streets with cajamarquilla in order to remove it. in circumstances that mr. josé worker of the company its, was removing the rope tied in the body of the gate, this yields and falls pulling the warning post which hits the helmet of mr. who he was standing at his side.",0,False,False,False
R000261,2016-11-30,Country_01,Local_03,Mining,I,II,Male,Third Party,Others,"After the welder completed the welding work to reinforce the forms in the deepening, he walked towards the distant truck at about 40 mt, at which point the welder stepped on a fragment of rock of 5 cm x 10cm x 5cm approx. which generates that the foot flexes and generates the injury in the worker.","after the welder completed the welding work to reinforce the forms in the deepening, he walked towards the distant truck at about 40 mt, at which point the welder stepped on a fragment of rock of 5 cm x 10cm x 5cm approx. which generates that the foot flexes and generates the injury in the worker.",0,False,False,False
R000413,2017-06-20,Country_01,Local_01,Mining,I,IV,Male,Employee,Others,"In circumstance, the AHK-903 license plate (Empresa which serves the supervision of CMA, carried out the field inspections in the upper bank 4288, when unexpectedly when climbing through the operational access (positive ramp), It slides in an excavated area of ​​approximately 3 meters high, remaining in position with the front part on the floor. The occupants of the vehicle made use of the safety belt and all the complete epps.","in circumstance, the ahk-903 license plate (empresa which serves the supervision of cma, carried out the field inspections in the upper bank 4288, when unexpectedly when climbing through the operational access (positive ramp), it slides in an excavated area of approximately 3 meters high, remaining in position with the front part on the floor. the occupants of the vehicle made use of the safety belt and all the complete epps.",1,False,True,False
R000374,2017-04-13,Country_01,Local_01,Mining,I,II,Male,Employee,Others,"During the marking of the management points, the supervision and the breeders enter the work to carry out the ventilation inspection, for which the surveying work stops to turn on the fan and proceed with the air flow measurements. When the fan is turned on due to pressure, it breaks the fastening points of the toe and the sleeve falls to the floor generating a chicoteo from gable to gable, product of the chicoteo a fragment of the aggregate of the shocrete is projected on the face of the injured person producing the injury.","during the marking of the management points, the supervision and the breeders enter the work to carry out the ventilation inspection, for which the surveying work stops to turn on the fan and proceed with the air flow measurements. when the fan is turned on due to pressure, it breaks the fastening points of the toe and the sleeve falls to the floor generating a chicoteo from gable to gable, product of the chicoteo a fragment of the aggregate of the shocrete is projected on the face of the injured person producing the injury.",0,False,False,False
R000171,2016-07-10,Country_01,Local_04,Mining,IV,IV,Male,Third Party,Others,"The operator of the paste filling plant 01 removes a floor grating (60 x 90 cm), to clean the lower floor. It is removed to close the water valve and does not block the vacuum, the two technicians who were entering the filter belt notice an overflow and ask the operator to reduce the load. The mechanics kept walking without noticing the floor and one of them falls into the void impacting his foot left at an angle that was about 25 cm below the floor grating, producing the injury.","the operator of the paste filling plant 01 removes a floor grating (60 x 90 cm), to clean the lower floor. it is removed to close the water valve and does not block the vacuum, the two technicians who were entering the filter belt notice an overflow and ask the operator to reduce the load. the mechanics kept walking without noticing the floor and one of them falls into the void impacting his foot left at an angle that was about 25 cm below the floor grating, producing the injury.",1,False,False,False
R000234,2016-10-08,Country_01,Local_04,Mining,II,II,Male,Third Party,Others,"At the offices of Incimmet, in circumstances that an environment was being set up to place cleaning materials, a wooden strip was placed between the staircase structure and the container, this strip was not cut to size, so the accident victim He coordinated with his partner to put it under pressure using a hammer while holding with his right hand the frame, this pressure placed strip pushed to that side of the container creating an opening between the corrugated iron and the wall, at that time, continuing to hit the ribbon, This falls causing the wall of the container to return to its initial position, pressing the tip of the little finger of the right hand against the corrugated iron causing the accident.","at the offices of incimmet, in circumstances that an environment was being set up to place cleaning materials, a wooden strip was placed between the staircase structure and the container, this strip was not cut to size, so the accident victim he coordinated with his partner to put it under pressure using a hammer while holding with his right hand the frame, this pressure placed strip pushed to that side of the container creating an opening between the corrugated iron and the wall, at that time, continuing to hit the ribbon, this falls causing the wall of the container to return to its initial position, pressing the tip of the little finger of the right hand against the corrugated iron causing the accident.",0,False,False,False
R000186,2016-08-01,Country_01,Local_04,Mining,II,III,Male,Third Party,Others,"At times when the worker was cleaning the long holes of the production mesh in negative, when removing the polyethylene pipe it suffers a clogging inside the drill, which product of compressed air pressure is released by ejecting detritus and fragments of rock inside the hole impacting the worker's forehead causing a cut.","at times when the worker was cleaning the long holes of the production mesh in negative, when removing the polyethylene pipe it suffers a clogging inside the drill, which product of compressed air pressure is released by ejecting detritus and fragments of rock inside the hole impacting the worker's forehead causing a cut.",0,False,False,False
R000231,2016-10-03,Country_02,Local_08,Metals,I,II,Male,Employee,Pressed,During the withdrawal of cathode sample the employee came to press the finger with the tool that cuts the sample.,during the withdrawal of cathode sample the employee came to press the finger with the tool that cuts the sample.,0,False,False,False
R000197,2016-08-24,Country_02,Local_05,Metals,I,II,Male,Employee,Cut,"The servant would remove the dishes from the bowl of the sink and when picking up a set of plates, there was one of them with the broken / broken edge, causing injury to his 3rd chiropactyl from his right hand.","the servant would remove the dishes from the bowl of the sink and when picking up a set of plates, there was one of them with the broken / broken edge, causing injury to his 3rd chiropactyl from his right hand.",0,False,False,False
R000351,2017-03-09,Country_01,Local_03,Mining,I,V,Male,Third Party,Vehicles and Mobile Equipment,"At Level 3970 (Before -100) When the F6M 801 license plate went from level 3570 to surface, when the pilot trying to locate his radio to answer a call from the concrete plant is distracted and crashes his vehicle against the left gable and the vehicle turns to the right side. When this happens, the copilot hits his right hand against a fragment of broken glass in the window on the right side of the vehicle.","at level 3970 (before -100) when the f6m 801 license plate went from level 3570 to surface, when the pilot trying to locate his radio to answer a call from the concrete plant is distracted and crashes his vehicle against the left gable and the vehicle turns to the right side. when this happens, the copilot hits his right hand against a fragment of broken glass in the window on the right side of the vehicle.",1,False,False,False
R000385,2017-04-30,Country_02,Local_05,Metals,I,II,Male,Employee,Others,"The employee reports that he performed his routine activities in the area of ​​Electrolysis when, when trying to position one of the cathode sheets on the easel, it hit his sleeve and caused a cut in the same and superficially in the left hand.","the employee reports that he performed his routine activities in the area of electrolysis when, when trying to position one of the cathode sheets on the easel, it hit his sleeve and caused a cut in the same and superficially in the left hand.",0,False,False,False
R000309,2017-01-27,Country_01,Local_04,Mining,II,III,Male,Third Party,Others,"Being 00:10 am at times when the collaborator was passing a tubo ""PVC pipe to the loader to uncover the fifth hole that was obstructed by a piece of rock. The operator of the Jetanol accidentally activates the air valve, causing the loading pipe that was in the floor to rise suddenly throwing prils of anfo (excess in pipe) on the cheekbone and eyelid of the right eye of the victim.","being 00:10 am at times when the collaborator was passing a tubo ""pvc pipe to the loader to uncover the fifth hole that was obstructed by a piece of rock. the operator of the jetanol accidentally activates the air valve, causing the loading pipe that was in the floor to rise suddenly throwing prils of anfo (excess in pipe) on the cheekbone and eyelid of the right eye of the victim.",0,False,False,False
R000175,2016-07-16,Country_01,Local_03,Mining,I,IV,Male,Third Party,Others,"At level 3490 gallery 239, during the holding activity with the Bolter equipment No. 24, the operator performs the drilling of the first hole to support the right gable; When the 7-foot-deep drill was about to end, the drill rod breaks, leaving the threads inside the drilling machine's shank; the operator and his assistant decide to make two empty percussion attempts to free the threads of the shank without success; in the third attempt the assistant enters a 3/8 ""corrugated iron to the central hole of the rest of the bar embedded in the shank to generate pressure, it is at this moment the operator activates the percussion and generates a movement of the shank which hits the palm of the victim's left hand generating a described injury. The worker was wearing safety gloves at the time of the accident. The end of the corrugated iron in contact with the left hand is shaped like a cane. The worker at the time of the accident was positioned under a roof supported with mesh and split set.","at level 3490 gallery 239, during the holding activity with the bolter equipment no. 24, the operator performs the drilling of the first hole to support the right gable; when the 7-foot-deep drill was about to end, the drill rod breaks, leaving the threads inside the drilling machine's shank; the operator and his assistant decide to make two empty percussion attempts to free the threads of the shank without success; in the third attempt the assistant enters a 3/8 ""corrugated iron to the central hole of the rest of the bar embedded in the shank to generate pressure, it is at this moment the operator activates the percussion and generates a movement of the shank which hits the palm of the victim's left hand generating a described injury. the worker was wearing safety gloves at the time of the accident. the end of the corrugated iron in contact with the left hand is shaped like a cane. the worker at the time of the accident was positioned under a roof supported with mesh and split set.",1,False,False,False
R000144,2016-06-08,Country_03,Local_10,Others,I,I,Male,Third Party,Bees,"Project of Vazante that carried out sediment collection of current in the South of Mata target, in the drainage of Serra do Garrote. team that was composed of 04 members of the WCA company, being the S.r.s Leandro, and Jehovânio. they were moving from one collection point to another, inside a shallow drainage, they saw the bee carton, the reaction was to move away from the box as quickly as possible to avoid the stings, they ran about 50 meters, looking for a safe area, to exit the radius of attack of the bees, but the S.S. and Breno), were attacked and consequently they suffered 02 stings, in the belly and Jehovah in the hand, verified that there was no type of allergic reaction, returned with the normal activities.","project of vazante that carried out sediment collection of current in the south of mata target, in the drainage of serra do garrote. team that was composed of 04 members of the wca company, being the s.r.s leandro, and jehovânio. they were moving from one collection point to another, inside a shallow drainage, they saw the bee carton, the reaction was to move away from the box as quickly as possible to avoid the stings, they ran about 50 meters, looking for a safe area, to exit the radius of attack of the bees, but the s.s. and breno), were attacked and consequently they suffered 02 stings, in the belly and jehovah in the hand, verified that there was no type of allergic reaction, returned with the normal activities.",0,False,True,False
R000267,2016-12-09,Country_02,Local_02,Mining,II,III,Male,Third Party (Remote),Others,"During the withdrawal of the metal form support screw in the Inside of well 2, when the bolt of the chain holder was loosened, the employee and a helper exerted force on the combination wrench, when the bolt came to loosen immediately, pressing the ring finger of the employee's right hand against the support.","during the withdrawal of the metal form support screw in the inside of well 2, when the bolt of the chain holder was loosened, the employee and a helper exerted force on the combination wrench, when the bolt came to loosen immediately, pressing the ring finger of the employee's right hand against the support.",0,False,False,False
R000226,2016-09-29,Country_01,Local_04,Mining,I,II,Male,Third Party,Others,"Being 05:30 am. Approximately Marco and Isidro TORRES they were performing the pipe standardization of the CX 771 / CX-983 Nv. 1940; in moments that Marco lifts the air pipe over the spike, this seat and the pipe impacts on the worker's safety guard.","being 05:30 am. approximately marco and isidro torres they were performing the pipe standardization of the cx 771 / cx-983 nv. 1940; in moments that marco lifts the air pipe over the spike, this seat and the pipe impacts on the worker's safety guard.",0,False,False,False
R000195,2016-08-19,Country_01,Local_03,Mining,I,III,Male,Employee,Others,"At level 2995 access # 6 A1 while the operator of the Scissor # 187 carried out the support of the right gable, from the platform it is arranged to place the Split set in the drill in the squat position to be introduced by the bolt, moment in which the which between the cocada of the support mesh falls from the crown a piece of rock (5cmx4cmx2cm; 112gr) from an approximate height of 2m impacting on the cervical region of the collaborator, causing the lesion described. At the time of the accident the crown was held and the collaborator used his safety glasses and gloves.","at level 2995 access # 6 a1 while the operator of the scissor # 187 carried out the support of the right gable, from the platform it is arranged to place the split set in the drill in the squat position to be introduced by the bolt, moment in which the which between the cocada of the support mesh falls from the crown a piece of rock (5cmx4cmx2cm; 112gr) from an approximate height of 2m impacting on the cervical region of the collaborator, causing the lesion described. at the time of the accident the crown was held and the collaborator used his safety glasses and gloves.",0,False,False,False
R000279,2016-12-22,Country_02,Local_05,Metals,I,II,Male,Third Party,Others,"Employee reports that he performed soldering activity when he was hit in the eye region by dust that was found in the thermal insulation, causing irritation.","employee reports that he performed soldering activity when he was hit in the eye region by dust that was found in the thermal insulation, causing irritation.",0,False,False,False
R000190,2016-08-12,Country_01,Local_03,Mining,III,IV,Male,Employee,Others,"During ore transport works from OP2 to bines; after having filled the tenth mining car with ore, the assistant positioned on the platform of the hopper OP2 places a wooden board between the pistons of the chain to avoid the fall of fines into the track, at which time a fragment of rock (10cmx8cm x6 cm; 1.4 Kg) rolls by the load and hits the distal phalanx of the fourth finger of the left hand. The assistant at the time of the accident was wearing safety gloves (pad type). The hopper OP2 at the time of the accident was with zero energy.","during ore transport works from op2 to bines; after having filled the tenth mining car with ore, the assistant positioned on the platform of the hopper op2 places a wooden board between the pistons of the chain to avoid the fall of fines into the track, at which time a fragment of rock (10cmx8cm x6 cm; 1.4 kg) rolls by the load and hits the distal phalanx of the fourth finger of the left hand. the assistant at the time of the accident was wearing safety gloves (pad type). the hopper op2 at the time of the accident was with zero energy.",1,False,False,False
R000147,2016-06-13,Country_01,Local_01,Mining,I,IV,Male,Employee,Others,"Once the mooring of the faneles in the detonating cord has been completed, the injured person proceeds to tie the detonating cord in the safety guide (slow wick) at a distance of 2.0 meters from the top of the work. At that moment, to finish mooring, a rock bank (30cm x 50cm x 15cm; 67.5 Kg.) the same front, from a height of 1.60 meters, which falls to the floor very close to the injured, disintegrates in several fragments, one of which (12cmx10cmx3cm, 2.0 Kg.) slides between the fragments of rock and impacts with the left leg of the victim. At the time of the accident the operator used his safety boots and was accompanied by a supervisor.","once the mooring of the faneles in the detonating cord has been completed, the injured person proceeds to tie the detonating cord in the safety guide (slow wick) at a distance of 2.0 meters from the top of the work. at that moment, to finish mooring, a rock bank (30cm x 50cm x 15cm; 67.5 kg.) the same front, from a height of 1.60 meters, which falls to the floor very close to the injured, disintegrates in several fragments, one of which (12cmx10cmx3cm, 2.0 kg.) slides between the fragments of rock and impacts with the left leg of the victim. at the time of the accident the operator used his safety boots and was accompanied by a supervisor.",1,False,False,False
R000332,2017-02-17,Country_01,Local_04,Mining,I,III,Male,Third Party,Projection/Manual Tools,"the moment of extracting the bolts of the CHUCK of rotation unit VSD 01; in the instant that is made hits with the rope of 6Lbs. the base of the support bolts, a fragment of the metal structure is projected, impacting the face of the mechanic Freddy the described injury.","the moment of extracting the bolts of the chuck of rotation unit vsd 01; in the instant that is made hits with the rope of 6lbs. the base of the support bolts, a fragment of the metal structure is projected, impacting the face of the mechanic freddy the described injury.",0,False,False,False
R000266,2016-12-08,Country_01,Local_01,Mining,I,III,Male,Third Party (Remote),Others,"At times when four employees lowered a metal sheet (1.5mx1.8m; m 80Kg) towards the floor from a height of 20 cm., The assembly assistant does not timely remove the hand, trapping his ring finger between the iron and loose earth causing a contusion on his ring finger. The collaborator at the time of the event to use their maneuver gloves.","at times when four employees lowered a metal sheet (1.5mx1.8m; m 80kg) towards the floor from a height of 20 cm., the assembly assistant does not timely remove the hand, trapping his ring finger between the iron and loose earth causing a contusion on his ring finger. the collaborator at the time of the event to use their maneuver gloves.",0,False,False,False
R000183,2016-08-02,Country_02,Local_02,Mining,I,III,Male,Third Party (Remote),Others,"When opened the access ladder of the people carrying Truck the employee had his right hand pressed into the support bracket of the same, suffering a superficial injury.","when opened the access ladder of the people carrying truck the employee had his right hand pressed into the support bracket of the same, suffering a superficial injury.",0,False,False,False
R000243,2016-10-23,Country_02,Local_02,Mining,II,IV,Male,Employee,Others,"In the activity of loading of explosives in front of level 326 GTS, there was a fall of a Rock fragment reaching right arm of the Blaster causing a cut-blunt.","in the activity of loading of explosives in front of level 326 gts, there was a fall of a rock fragment reaching right arm of the blaster causing a cut-blunt.",1,False,False,False
R000324,2017-02-09,Country_01,Local_03,Mining,IV,V,Male,Third Party (Remote),Power lock,"the Spillway circumstances where the worker was cleaning, with the use of an absorbent cloth, oil residues from the right edge of the Atlas AXS-186 compressor, with the bonnet open and in functioning; the rag falls inside the ompressor and in the attempt to remove it, it is hooked on the fan's propeller, pulling the worker's left hand toward the propeller causing the injury.","the spillway circumstances where the worker was cleaning, with the use of an absorbent cloth, oil residues from the right edge of the atlas axs-186 compressor, with the bonnet open and in functioning; the rag falls inside the ompressor and in the attempt to remove it, it is hooked on the fan's propeller, pulling the worker's left hand toward the propeller causing the injury.",1,False,False,False
R000258,2016-11-25,Country_02,Local_07,Mining,I,II,Male,Employee,Others,The employee reports that upon initiating 615 RLC front loading activity while performing the emulsion preparation for use there was a displacement of a small rock fragment from the ceiling reaching his left forearm,the employee reports that upon initiating 615 rlc front loading activity while performing the emulsion preparation for use there was a displacement of a small rock fragment from the ceiling reaching his left forearm,0,False,False,False
R000333,2017-02-17,Country_01,Local_01,Mining,I,III,Male,Employee,Chemical substances,"Once the painting of the pumping pipe has been completed, the person involved involuntarily touches his face, with his hand (with gloves) full of paint, and to clean himself he makes use of a dry industrial cloth and begins to rub his face, for a period of time from 30 to 40 seconds continuously, until finally the paint on the face is cleaned, this friction generates the described injury.","once the painting of the pumping pipe has been completed, the person involved involuntarily touches his face, with his hand (with gloves) full of paint, and to clean himself he makes use of a dry industrial cloth and begins to rub his face, for a period of time from 30 to 40 seconds continuously, until finally the paint on the face is cleaned, this friction generates the described injury.",0,False,False,False
R000419,2017-06-22,Country_03,Local_10,Others,I,I,Male,Employee,Venomous Animals,"During the field activity in the AMG project, target São Luiz, the reconnaissance team was boarding the car, which was parked with the windows closed. When they entered the Mr. Paulo putting the seat belt inside the vehicle, pressed a wasp between the shoulder and the neck, causing a sting. It is believed that, possibly, the bee was nailed to the clothes because the car was properly closed.","during the field activity in the amg project, target são luiz, the reconnaissance team was boarding the car, which was parked with the windows closed. when they entered the mr. paulo putting the seat belt inside the vehicle, pressed a wasp between the shoulder and the neck, causing a sting. it is believed that, possibly, the bee was nailed to the clothes because the car was properly closed.",0,False,False,False
R000341,2017-02-26,Country_02,Local_07,Mining,I,IV,Male,Employee,Fall prevention,"The employee was descending the ladder after inspection of the milling cyclones, which gives access to the floor behind the mill 10 by platform # ISC-MG26 when the floor gave way and it fell from a height of approximately 1 meter and 70 meters (there is material / ore below the platform, decreasing the height of the fall impact).","the employee was descending the ladder after inspection of the milling cyclones, which gives access to the floor behind the mill 10 by platform # isc-mg26 when the floor gave way and it fell from a height of approximately 1 meter and 70 meters (there is material / ore below the platform, decreasing the height of the fall impact).",1,False,False,False
R000308,2017-01-25,Country_01,Local_03,Mining,V,VI,Male,Third Party,remains of choco,"During the process of loading drills in the Carmen pit of level 3450, the operator positions the basket of the anfo loader 186 equipment at a height of 3m from the floor to carry out the loading of the production drills; At this moment, a stone slab of 1.4x0.7x0.2 m is detached from the front of the pit, which is tilted and lodged inside the basket, trapping the right leg of the collaborator.","during the process of loading drills in the carmen pit of level 3450, the operator positions the basket of the anfo loader 186 equipment at a height of 3m from the floor to carry out the loading of the production drills; at this moment, a stone slab of 1.4x0.7x0.2 m is detached from the front of the pit, which is tilted and lodged inside the basket, trapping the right leg of the collaborator.",1,False,False,False
R000182,2016-07-30,Country_02,Local_07,Mining,I,II,Male,Employee,Others,"employee reports that upon initiating 615RLC front loading activity, during the elevation of the aerial work platform, a rock fragment from the roof of the gallery was dropped, reaching its face, causing the lesion.","employee reports that upon initiating 615rlc front loading activity, during the elevation of the aerial work platform, a rock fragment from the roof of the gallery was dropped, reaching its face, causing the lesion.",0,False,False,False
R000019,2016-02-08,Country_01,Local_06,Metals,I,II,Male,Employee,Others,"An auxiliary wheel of the cathode crane G2133 was changed in area 75, when when a bearing was heated and hit with a hammer and chisel at one end of the bearing track, a detachment of a bearing piece occurred, impacting it in the thigh of the right leg producing a cut. The ambulance is called and you are transferred to the clinic.","an auxiliary wheel of the cathode crane g2133 was changed in area 75, when when a bearing was heated and hit with a hammer and chisel at one end of the bearing track, a detachment of a bearing piece occurred, impacting it in the thigh of the right leg producing a cut. the ambulance is called and you are transferred to the clinic.",0,False,False,False
R000396,2017-05-19,Country_01,Local_06,Metals,I,II,Male,Employee,Projection,"At 04:00 h on 05/19/17, the mechanic on duty of section 40 Antonio is observed in the activity of withdrawal check out of POM D071, at this moment he is impacted by a pulp of the line of discharge stuck, causing irritation in the right part of the neck and ear. The mechanic is referred to the medical center for evaluation.","at 04:00 h on 05/19/17, the mechanic on duty of section 40 antonio is observed in the activity of withdrawal check out of pom d071, at this moment he is impacted by a pulp of the line of discharge stuck, causing irritation in the right part of the neck and ear. the mechanic is referred to the medical center for evaluation.",0,False,False,False
R000137,2016-06-03,Country_03,Local_10,Others,II,II,Male,Third Party,Others,"During the field trip, on LT 01 of the Lajes target, Junior da Costa official stepped on a wooden stump that was on the ground, approximately 5 cm, which pierced his boot wounding the sole of the right foot. At the time of the accident, the employee was using all the PPE required for the activity and had his hands free. The employee was taken to the hospital, where he went through medical care, and was released to return to his activities the next day of work.","during the field trip, on lt 01 of the lajes target, junior da costa official stepped on a wooden stump that was on the ground, approximately 5 cm, which pierced his boot wounding the sole of the right foot. at the time of the accident, the employee was using all the ppe required for the activity and had his hands free. the employee was taken to the hospital, where he went through medical care, and was released to return to his activities the next day of work.",0,False,False,False
R000420,2017-06-29,Country_02,Local_02,Mining,I,III,Male,Employee,Pressed,"After maintenance on Boltec 03 at level 285 GTS of Rampa XXX, the mechanic and operator of the equipment performed tests on the equipment magazine. When the magazine carousel was turned on, the operator had his left middle finger pressed against the equipment frame.","after maintenance on boltec 03 at level 285 gts of rampa xxx, the mechanic and operator of the equipment performed tests on the equipment magazine. when the magazine carousel was turned on, the operator had his left middle finger pressed against the equipment frame.",0,False,False,False
R000423,2017-07-05,Country_02,Local_09,Metals,I,II,Male,Employee,Venomous Animals,"During the environmental monitoring activity in the area, the employee was surprised by a swarming swarm of weevils. During the exit of the place, endured suffering two stings, being one in the face and the other in the middle finger of the left hand.","during the environmental monitoring activity in the area, the employee was surprised by a swarming swarm of weevils. during the exit of the place, endured suffering two stings, being one in the face and the other in the middle finger of the left hand.",0,False,False,False
R000038,2016-02-24,Country_02,Local_07,Mining,I,V,Male,Employee,Others,When starting the activity of removing a coil of electric cables in the warehouse with the help of forklift truck the operator did not notice that there was a beehive in it. Due to the movement of the coil the bees were excited. Realizing the fact the operator turned off the equipment and left the area. People passing by were stung.,when starting the activity of removing a coil of electric cables in the warehouse with the help of forklift truck the operator did not notice that there was a beehive in it. due to the movement of the coil the bees were excited. realizing the fact the operator turned off the equipment and left the area. people passing by were stung.,1,False,True,False
R000103,2016-04-29,Country_01,Local_04,Mining,III,IV,Male,Third Party,Others,"Mr. Jesus operator of the concrete throwing team (alpha N ° 18) was shooting shotcrete in the Cx work. 001 Nv. 1710 OB1. applying 0.5 m3, he realizes that the additive did not come out in the mix, directing to lift the cover of the passage valve (54 Cm x 53 Cm of ¼ inch of thickness approximately 15 Kg). verifying that the valve was open, release the lid and it hits to the third finger of the left hand against the base, causing the injury.","mr. jesus operator of the concrete throwing team (alpha n ° 18) was shooting shotcrete in the cx work. 001 nv. 1710 ob1. applying 0.5 m3, he realizes that the additive did not come out in the mix, directing to lift the cover of the passage valve (54 cm x 53 cm of 1⁄4 inch of thickness approximately 15 kg). verifying that the valve was open, release the lid and it hits to the third finger of the left hand against the base, causing the injury.",1,False,False,False
R000325,2017-02-08,Country_01,Local_06,Metals,I,I,Male,Third Party (Remote),Manual Tools,"Performing carpentry work, the collaborator hit the second finger of the left hand with the hammer, which he held with his right hand, causing a bruise at the height of the nail. The evaluation was carried out at the medical center of the unit, the final diagnosis being contusion on the finger.","performing carpentry work, the collaborator hit the second finger of the left hand with the hammer, which he held with his right hand, causing a bruise at the height of the nail. the evaluation was carried out at the medical center of the unit, the final diagnosis being contusion on the finger.",0,False,False,False
R000082,2016-03-31,Country_01,Local_03,Mining,I,II,Male,Third Party,Others,"In the workshop level -970 in Box # 1, while TWO the mechanics manipulated a steel plate - 60cm x40cm x 2.5cm; 50 Kg - to place it in the gutter of the workshop and be able to remove the Scaler # 142, the plate slides and restricts the right ring finger between the gable and the plate causing the injury. The collaborator used gloves at the time of the accident","in the workshop level -970 in box # 1, while two the mechanics manipulated a steel plate - 60cm x40cm x 2.5cm; 50 kg - to place it in the gutter of the workshop and be able to remove the scaler # 142, the plate slides and restricts the right ring finger between the gable and the plate causing the injury. the collaborator used gloves at the time of the accident",0,False,False,False
R000228,2016-10-01,Country_01,Local_04,Mining,II,III,Male,Third Party,Others,"Being 10:50 a.m. approximately, in the maintenance workshop of the E.E Unicon, in circumstances that two mechanical technicians placed the protective plate (30 kg.) of the Mixkret 111 fuel tank, At the moment of attempting to bolt this protective plate it slips from the hands of one of them falling directly on the instep of the left foot, causing the injury described.","being 10:50 a.m. approximately, in the maintenance workshop of the e.e unicon, in circumstances that two mechanical technicians placed the protective plate (30 kg.) of the mixkret 111 fuel tank, at the moment of attempting to bolt this protective plate it slips from the hands of one of them falling directly on the instep of the left foot, causing the injury described.",0,False,False,False
R000106,2016-04-30,Country_01,Local_03,Mining,IV,IV,Male,Third Party,Others,"In the DDH chamber of the company Explomin, located at the level -100 Socorro ramp 334, when the worker - assistant driller-was dismantling the fifth drill rod (NQ - 3 meters of steel with a weight of 24 kg) , using a stilson key (No. 18), at that moment the operator operates the rotation unit, the drill rod rotates by pressing the left hand of the worker against the base of the rod holder, causing an injury to the left hand. At the time of the accident, the drilling assistant used rubber gloves","in the ddh chamber of the company explomin, located at the level -100 socorro ramp 334, when the worker - assistant driller-was dismantling the fifth drill rod (nq - 3 meters of steel with a weight of 24 kg) , using a stilson key (no. 18), at that moment the operator operates the rotation unit, the drill rod rotates by pressing the left hand of the worker against the base of the rod holder, causing an injury to the left hand. at the time of the accident, the drilling assistant used rubber gloves",1,False,False,False
R000007,2016-01-16,Country_02,Local_05,Metals,I,III,Male,Employee,Fall prevention (same level),"The collaborator reports that he was on street 09 holding in his left hand the volumetric balloon, when he slipped and when placing his hand on the ground the volumetric balloon ended up breaking caused a small wound in his left hand.","the collaborator reports that he was on street 09 holding in his left hand the volumetric balloon, when he slipped and when placing his hand on the ground the volumetric balloon ended up breaking caused a small wound in his left hand.",0,False,False,False
R000294,2017-01-09,Country_01,Local_03,Mining,I,III,Male,Employee,Others,"At level 2995 access # 7, Scissor # 187 performed the sustaining activity, drilling the drill to install the Split when lifting the electrowelded mesh of 12 square meters (6m x 2m), weight 21 kg. Approximately to the team's platform, the assistant slips and feels a pain in the inner edge of the right knee.","at level 2995 access # 7, scissor # 187 performed the sustaining activity, drilling the drill to install the split when lifting the electrowelded mesh of 12 square meters (6m x 2m), weight 21 kg. approximately to the team's platform, the assistant slips and feels a pain in the inner edge of the right knee.",0,False,False,False
R000026,2016-02-15,Country_01,Local_06,Metals,I,II,Male,Employee,Manual Tools,"The operator was willing to manually displace the zinc sheet adhered to the aluminum cathode. At the moment when the blade was detached, the blade was released from the cathode, bending and grazing the collaborator's right hand, producing 2 small cuts at the knuckles of the fingers, the worker made use of his gloves. leather. The worker is transferred to the medical unit for first aid.","the operator was willing to manually displace the zinc sheet adhered to the aluminum cathode. at the moment when the blade was detached, the blade was released from the cathode, bending and grazing the collaborator's right hand, producing 2 small cuts at the knuckles of the fingers, the worker made use of his gloves. leather. the worker is transferred to the medical unit for first aid.",0,False,False,False
R000246,2016-10-27,Country_01,Local_03,Mining,I,IV,Male,Employee,Others,"At a time when the heavy equipment operator got on the equipment to check the right front headlight (defective) of the scooptram # 181, position on the rim position # 2 his left leg which slides, causing the heavy equipment operator to fall from a height of 0.60 cm","at a time when the heavy equipment operator got on the equipment to check the right front headlight (defective) of the scooptram # 181, position on the rim position # 2 his left leg which slides, causing the heavy equipment operator to fall from a height of 0.60 cm",1,False,False,False
R000415,2017-06-24,Country_01,Local_03,Mining,I,II,Female,Third Party,Cut,"On the surface, Comedor the worker of the company C & C made the cut of lemon at that time imprisoned the knife generating a movement and impacting on the first finger of the left hand causing a slight cut.","on the surface, comedor the worker of the company c & c made the cut of lemon at that time imprisoned the knife generating a movement and impacting on the first finger of the left hand causing a slight cut.",0,False,False,False
R000352,2017-03-08,Country_01,Local_01,Mining,V,V,Male,Third Party,Vehicles and Mobile Equipment,"When the scoop was heading from Rpa 910 to the cut-off point of the Cro 861 South to be unloaded, it visualizes a truck that was parked with the lights and the engine ignited inside the thrust - where the Scoop found accumulating dismount-; the operator stops the Scoop and gets off to tell the driver of the truck to leave and when he finds no one he decides to go and look for the driver at the top of Cro 861 South, where he can not find it; Then he returns to his Scoop and at 15 to 20 meters visualizes the light of a lamp shining in the direction of the gable, when approaching, he finds the deceased lying on the side of the Scoop and proceeds to give immediate notice to the supervisory of the shift, control center and emergency center.","when the scoop was heading from rpa 910 to the cut-off point of the cro 861 south to be unloaded, it visualizes a truck that was parked with the lights and the engine ignited inside the thrust - where the scoop found accumulating dismount-; the operator stops the scoop and gets off to tell the driver of the truck to leave and when he finds no one he decides to go and look for the driver at the top of cro 861 south, where he can not find it; then he returns to his scoop and at 15 to 20 meters visualizes the light of a lamp shining in the direction of the gable, when approaching, he finds the deceased lying on the side of the scoop and proceeds to give immediate notice to the supervisory of the shift, control center and emergency center.",1,False,False,False
R000058,2016-03-16,Country_01,Local_04,Mining,I,II,Male,Third Party,Others,"When installing the ripper pin of the tractor D6T-N1, the ripper support arm slides by pressing the second and third fingers of the right hand against the base of the ripper causing the injury described.","when installing the ripper pin of the tractor d6t-n1, the ripper support arm slides by pressing the second and third fingers of the right hand against the base of the ripper causing the injury described.",0,False,False,False
R000012,2016-01-30,Country_01,Local_03,Mining,I,IV,Male,Third Party,Others,"While preparing the rice for the lunch of the day, when moving the pot # 60 - 35 Kg of weight including the contents - to evacuate the residual water of the cooking of the rice, when positioning the pot on a jaba it tilts backwards spilling some 200 ml of hot water on the cook's leg. The cook immediately after the event applies first aid, pouring cold water on the area of ​​the injury and go to the medical post for evaluation.","while preparing the rice for the lunch of the day, when moving the pot # 60 - 35 kg of weight including the contents - to evacuate the residual water of the cooking of the rice, when positioning the pot on a jaba it tilts backwards spilling some 200 ml of hot water on the cook's leg. the cook immediately after the event applies first aid, pouring cold water on the area of the injury and go to the medical post for evaluation.",1,False,False,False
R000336,2017-02-23,Country_02,Local_07,Mining,I,III,Male,Third Party (Remote),Venomous Animals,"During the transport of pieces of wood with the aid of a wheelbarrow, the employee felt a prick in the right leg, at that moment stopped the activity, removed the leggings and when shaking the pants noticed that it was a small scorpion.","during the transport of pieces of wood with the aid of a wheelbarrow, the employee felt a prick in the right leg, at that moment stopped the activity, removed the leggings and when shaking the pants noticed that it was a small scorpion.",0,False,False,False
R000180,2016-07-27,Country_01,Local_03,Mining,II,IV,Male,Employee,Others,"At times when the mill operator proceeded to remove the vitaulic flange connecting the suction pipe to the pump housing 8B; with the intention of de-sanding the system, when removing the flange, the mineral pulp comes out under pressure and impacts on the face and wrist of his left hand generating the lesion described. At the time of the accident, both the secondary mill No. 4 and the pumps 8A and 8B were blocked for maintenance work and the mill operator used his safety glasses.","at times when the mill operator proceeded to remove the vitaulic flange connecting the suction pipe to the pump housing 8b; with the intention of de-sanding the system, when removing the flange, the mineral pulp comes out under pressure and impacts on the face and wrist of his left hand generating the lesion described. at the time of the accident, both the secondary mill no. 4 and the pumps 8a and 8b were blocked for maintenance work and the mill operator used his safety glasses.",1,False,False,False
R000303,2017-01-21,Country_02,Local_02,Mining,I,I,Male,Third Party (Remote),Others,"Employees engaged in the removal of material from the excavation of the well 2 of level 265, using shovel and placing it in the bucket. During the day some of this material fell into the pipes of the employees' boots and the friction between the boot and the calf caused a superficial injury to the legs.","employees engaged in the removal of material from the excavation of the well 2 of level 265, using shovel and placing it in the bucket. during the day some of this material fell into the pipes of the employees' boots and the friction between the boot and the calf caused a superficial injury to the legs.",0,True,True,False
R000383,2017-04-28,Country_02,Local_05,Metals,I,II,Male,Employee,Others,"The employee reports that he performed his routine activities in the Foundry area when it was necessary to fit the last ZAMAC ingots of one of the packages. At this point, the ingot slipped and hit the back of his right foot, causing pain. The safety footwear worn by the employee has a steel toe and a metatarsal protector.","the employee reports that he performed his routine activities in the foundry area when it was necessary to fit the last zamac ingots of one of the packages. at this point, the ingot slipped and hit the back of his right foot, causing pain. the safety footwear worn by the employee has a steel toe and a metatarsal protector.",0,False,False,False
R000077,2016-04-01,Country_01,Local_01,Mining,I,V,Male,Third Party (Remote),Others,"In circumstances that two workers of the Abratech company were doing putty work inside the conditioning tank (5 meters deep and covered by platforms) of metal gratings - grating- in the upper part), two other employees of the HyT company carried out maneuvers transfer of a pump with the help of a manual tick - which worked hooked to a beam H, dragging the pump on the metal gratings (grating), suddenly the pump is hooked with a metal grate (grating) and when trying to release it, the metal grid (grating - 13.0 Kg. (60 cm x 92 cm)) falls inside the tank, hits a diagonal channel inside the tank and then impacts the right arm of one of the workers and rubs the helmet of the second worker that he was crouching. The area where the bomb was being moved was marked with tape and did not have a lookout.","in circumstances that two workers of the abratech company were doing putty work inside the conditioning tank (5 meters deep and covered by platforms) of metal gratings - grating- in the upper part), two other employees of the hyt company carried out maneuvers transfer of a pump with the help of a manual tick - which worked hooked to a beam h, dragging the pump on the metal gratings (grating), suddenly the pump is hooked with a metal grate (grating) and when trying to release it, the metal grid (grating - 13.0 kg. (60 cm x 92 cm)) falls inside the tank, hits a diagonal channel inside the tank and then impacts the right arm of one of the workers and rubs the helmet of the second worker that he was crouching. the area where the bomb was being moved was marked with tape and did not have a lookout.",1,True,True,False
R000216,2016-09-17,Country_01,Local_06,Metals,I,II,Male,Third Party,Pressed,"On September 17, 2016 at approximately 8:35 pm, during the preventive maintenance of the G2142 debarking machine, the bearing assembly is made on the anode cleaning roller; When fitting the bearing in its final position, the staff used a chisel and a 4-pound rope to position the bearing. The worker places his left hand near the head of the chisel and warps, in these circumstances a splinter is embedded in the proximal part of the thumb of the left hand, immediately the collaborator communicates to the supervisor and is evacuated to the Medical for review.","on september 17, 2016 at approximately 8:35 pm, during the preventive maintenance of the g2142 debarking machine, the bearing assembly is made on the anode cleaning roller; when fitting the bearing in its final position, the staff used a chisel and a 4-pound rope to position the bearing. the worker places his left hand near the head of the chisel and warps, in these circumstances a splinter is embedded in the proximal part of the thumb of the left hand, immediately the collaborator communicates to the supervisor and is evacuated to the medical for review.",0,False,False,False
R000305,2017-01-23,Country_01,Local_04,Mining,I,IV,Male,Third Party,remains of choco,"Being 4:15 a.m. on the 179th block of Nv 1880 Ob 2, at the moment that Messrs. and Roger (injured), cleaned the 14th drill of the radial mesh that was in an inclined shape in the right gable, moment that detaches fragments of rock of 5x5x2 cm. impacting the shoulder.","being 4:15 a.m. on the 179th block of nv 1880 ob 2, at the moment that messrs. and roger (injured), cleaned the 14th drill of the radial mesh that was in an inclined shape in the right gable, moment that detaches fragments of rock of 5x5x2 cm. impacting the shoulder.",1,False,False,False
R000312,2017-01-31,Country_02,Local_08,Metals,I,III,Male,Employee,Others,"During the assembly activity of polypropylene pipe with 4 ""diameter, the employee stepped on the pipe flange, it twisted his right foot.","during the assembly activity of polypropylene pipe with 4 ""diameter, the employee stepped on the pipe flange, it twisted his right foot.",0,False,False,False
R000119,2016-05-14,Country_01,Local_01,Mining,I,IV,Male,Third Party,Others,"After completing the welding work on the backhoe bucket made for 4 hours, during which he used glass moon # 10, the welder feels a slight discomfort in the eyes, so he is transferred to the medical service for evaluation . During the accident the welder used facial mask for welding.","after completing the welding work on the backhoe bucket made for 4 hours, during which he used glass moon # 10, the welder feels a slight discomfort in the eyes, so he is transferred to the medical service for evaluation . during the accident the welder used facial mask for welding.",1,False,False,False
R000293,2017-01-09,Country_01,Local_01,Mining,I,III,Male,Third Party,Others,"In circumstances where the worker hit the support of the drill beam advance cylinder to align the base of the beam with the holes of the beam and place the bolt, mechanical hammer slips and by inertia the mechanic's hand hits the edge of the beam causing the injury. At the time of the accident the employee had all the PPE for this activity.","in circumstances where the worker hit the support of the drill beam advance cylinder to align the base of the beam with the holes of the beam and place the bolt, mechanical hammer slips and by inertia the mechanic's hand hits the edge of the beam causing the injury. at the time of the accident the employee had all the ppe for this activity.",0,False,False,False
R000136,2016-06-04,Country_01,Local_04,Mining,V,V,Male,Third Party,Others,"Being 01:50 p.m. approximately, in the Nv. 1800, in the Tecnomin winery. Mr. Chagua - Bodeguero was alone, cutting wires No. 16 with a grinder, previously he had removed the protection guard from the disk of 4 inches in diameter and adapted a disk of a crosscutter of approximately 8 inches. Originating traumatic amputation of two fingers of the left hand","being 01:50 p.m. approximately, in the nv. 1800, in the tecnomin winery. mr. chagua - bodeguero was alone, cutting wires no. 16 with a grinder, previously he had removed the protection guard from the disk of 4 inches in diameter and adapted a disk of a crosscutter of approximately 8 inches. originating traumatic amputation of two fingers of the left hand",1,False,False,False
R000043,2016-02-27,Country_01,Local_01,Mining,I,III,Male,Third Party,Others,"While performing the cutting of the meshes protruding in the gables of the work, the assistant loader is positioned at 1.40mt. on the floor using a portable ladder which was held at the base by the master loader, at which time the loader assistant loses balance and when falling is held by the mesh with the hand hanging at 0.80mt. of the floor causing the injury.","while performing the cutting of the meshes protruding in the gables of the work, the assistant loader is positioned at 1.40mt. on the floor using a portable ladder which was held at the base by the master loader, at which time the loader assistant loses balance and when falling is held by the mesh with the hand hanging at 0.80mt. of the floor causing the injury.",0,False,False,False
R000282,2016-12-26,Country_01,Local_06,Metals,I,II,Male,Employee,Others,"Mr. Marcelo withdrew foam from the ajax oven, using the metal spoon to empty it into the foam waste container. At that moment splash of slag residues, impacting the face and generating a surface burn. The worker was wearing a face mask.","mr. marcelo withdrew foam from the ajax oven, using the metal spoon to empty it into the foam waste container. at that moment splash of slag residues, impacting the face and generating a surface burn. the worker was wearing a face mask.",0,False,False,False
R000218,2016-09-20,Country_03,Local_10,Others,I,I,Male,Third Party,Fall,"Collaborator around 9:00 AM, cleaning the leaves of the return well of the 5021 borehole BRAPDD 0183 slipped on the canvas that was on the edge of the well, hitting the right side of the back against the metal structure of the mud-swathed box causing a slight excoriation. The employee was referred to the local hospital, medicated and released for the activities.","collaborator around 9:00 am, cleaning the leaves of the return well of the 5021 borehole brapdd 0183 slipped on the canvas that was on the edge of the well, hitting the right side of the back against the metal structure of the mud-swathed box causing a slight excoriation. the employee was referred to the local hospital, medicated and released for the activities.",0,False,False,False
R000204,2016-09-01,Country_02,Local_05,Metals,II,IV,Male,Third Party (Remote),Manual Tools,"The clerk was cutting the excess fiberglass in a passing box and had contact with the blade of the marble saw, which cut the glove and caused a wound in his right hand.","the clerk was cutting the excess fiberglass in a passing box and had contact with the blade of the marble saw, which cut the glove and caused a wound in his right hand.",1,False,False,False
R000173,2016-07-14,Country_01,Local_03,Mining,I,II,Male,Employee,Others,"At level 2900 at the entrance of the locomotive workshop, the welder proceeds to inspect the mining cars and identifies that the No. 24 car has bearing problems, informs his partner about this finding and decides to enter the car to the workshop, so it operates the swing arm type mona of 15 KG. of weight to move the direction of the railway towards the central OP, is at this moment that pushes the rocker with the weight of his body until his right hand comes in contact with the rock producing the injury described. At the time of the accident the worker was wearing the safety gloves of pad.","at level 2900 at the entrance of the locomotive workshop, the welder proceeds to inspect the mining cars and identifies that the no. 24 car has bearing problems, informs his partner about this finding and decides to enter the car to the workshop, so it operates the swing arm type mona of 15 kg. of weight to move the direction of the railway towards the central op, is at this moment that pushes the rocker with the weight of his body until his right hand comes in contact with the rock producing the injury described. at the time of the accident the worker was wearing the safety gloves of pad.",0,False,False,False
R000181,2016-07-29,Country_01,Local_03,Mining,I,IV,Male,Employee,Others,"At level 3390 access 2 area 2; the operator of the Scissor team No. 200 was preparing to present the second mesh to continue with the support of the work; When the operator pulls the support mesh to share its length equally on both sides of the equipment, it is at this moment that from the roof of the work a rock weighs approximately 400 Kg, which falls on the support mesh and slides towards the right side spoiler, as a result of this the mesh pushes the operator who is kneeling on the floor of the platform, which generates the lesion described. The rock falling does not directly impact the operator who was in a squatting position. The operator moves away from the area walking by his own means and is supported by the assistant.","at level 3390 access 2 area 2; the operator of the scissor team no. 200 was preparing to present the second mesh to continue with the support of the work; when the operator pulls the support mesh to share its length equally on both sides of the equipment, it is at this moment that from the roof of the work a rock weighs approximately 400 kg, which falls on the support mesh and slides towards the right side spoiler, as a result of this the mesh pushes the operator who is kneeling on the floor of the platform, which generates the lesion described. the rock falling does not directly impact the operator who was in a squatting position. the operator moves away from the area walking by his own means and is supported by the assistant.",1,False,False,False
R000316,2017-02-05,Country_03,Local_10,Others,I,II,Male,Employee,Others,"On 05/02/2017, at 10:40 p.m., when performing geological mapping activity, the geologist Manoel da Silva accompanied by the geologists Luciano dos Santos and Dayme had to make the crossing to the other side of a fence barbed wire, known in the region as a goat. It is a fence that from the base up to about 60cm in height is made by rods interlaced horizontally and upwards made with little barbed wire barbed, around 15 to 20cm. I jumped on the fence, and still on the fence I managed to ""sweep"" the vegetation with the left foot but even so while supporting the foot on the ground a stump of approximately 10cm x 1cm came to break the sole of the boot and cause the perforation in the left foot at the height of the fingers.","on 05/02/2017, at 10:40 p.m., when performing geological mapping activity, the geologist manoel da silva accompanied by the geologists luciano dos santos and dayme had to make the crossing to the other side of a fence barbed wire, known in the region as a goat. it is a fence that from the base up to about 60cm in height is made by rods interlaced horizontally and upwards made with little barbed wire barbed, around 15 to 20cm. i jumped on the fence, and still on the fence i managed to ""sweep"" the vegetation with the left foot but even so while supporting the foot on the ground a stump of approximately 10cm x 1cm came to break the sole of the boot and cause the perforation in the left foot at the height of the fingers.",0,False,False,False
R000086,2016-04-07,Country_01,Local_03,Mining,I,II,Male,Third Party,Others,"After parking a van next to a cluster of wooden sleepers and boards, the driver, on descending, stepped on a board in which an iron nail protruded 11/2 ""long, which he did not identify as the board was submerged in a puddle of water. This accident caused a minor wound on the sole of the left foot. At the time of the accident the worker was wearing safety boots.","after parking a van next to a cluster of wooden sleepers and boards, the driver, on descending, stepped on a board in which an iron nail protruded 11/2 ""long, which he did not identify as the board was submerged in a puddle of water. this accident caused a minor wound on the sole of the left foot. at the time of the accident the worker was wearing safety boots.",0,False,False,False
R000070,2016-03-30,Country_01,Local_04,Mining,II,IV,Male,Third Party,Others,"Being approximately 5:45 pm. On the level. 1710 Cx 018 BP 745, in circumstances that the workers of the company Rock performed the anchorage of the central pin for the anchoring of the drilling machine Diamantina XRD -30 (bob Cat) the assistant Cristian (injured) made the adjustment of the nut of the central bolt with the stilson key No. 18 Simultaneously Jose from the control panel made the movement of the rotation unit for the positioning of the clamp pin, at that moment the frame is slid by pressing the thumb of the assistant's left hand against the stilson key, causing the described injury, due to the lack of securing the frame fixing bolts.","being approximately 5:45 pm. on the level. 1710 cx 018 bp 745, in circumstances that the workers of the company rock performed the anchorage of the central pin for the anchoring of the drilling machine diamantina xrd -30 (bob cat) the assistant cristian (injured) made the adjustment of the nut of the central bolt with the stilson key no. 18 simultaneously jose from the control panel made the movement of the rotation unit for the positioning of the clamp pin, at that moment the frame is slid by pressing the thumb of the assistant's left hand against the stilson key, causing the described injury, due to the lack of securing the frame fixing bolts.",1,False,False,False
R000193,2016-08-15,Country_01,Local_01,Mining,I,IV,Male,Third Party,Others,"While maintaining the ramp 604, when placing the first cloth for the overlap with the previous mesh; the operator will check the work front, then return to the back of the team to coordinate with his assistant, at which time a fragment of rock (Weight: 0.42 kg) of the non-sustained area will be detached, which impacts on the arm of the team and reaching by bounce the collaborator causing the injury. The one involved made use of all their EPPs. At the time of the incident the assistant was in the back of the team preparing the support mesh.","while maintaining the ramp 604, when placing the first cloth for the overlap with the previous mesh; the operator will check the work front, then return to the back of the team to coordinate with his assistant, at which time a fragment of rock (weight: 0.42 kg) of the non-sustained area will be detached, which impacts on the arm of the team and reaching by bounce the collaborator causing the injury. the one involved made use of all their epps. at the time of the incident the assistant was in the back of the team preparing the support mesh.",1,False,False,False
R000003,2016-01-06,Country_01,Local_03,Mining,I,III,Male,Third Party (Remote),Manual Tools,"In the sub-station MILPO located at level +170 when the collaborator was doing the excavation work with a pick (hand tool), hitting a rock with the flat part of the beak, it bounces off hitting the steel tip of the safety shoe and then the metatarsal area of ​​the left foot of the collaborator causing the injury.","in the sub-station milpo located at level +170 when the collaborator was doing the excavation work with a pick (hand tool), hitting a rock with the flat part of the beak, it bounces off hitting the steel tip of the safety shoe and then the metatarsal area of the left foot of the collaborator causing the injury.",0,False,False,False
R000116,2016-05-11,Country_01,Local_03,Mining,I,III,Male,Third Party,Others,"In the welding workshop of level 3620 (Ex -450 tunnel quinoa), in moments that the assistant raised a wooden strut - 3m long x 4 ""diameter - 20 Kg of weight, to place it on the work table at 1.30 m of height, treads another wooden strut placed on the floor losing the balance falling at the same level lying laterally on a concrete wall causing a bruise on the left shoulder.","in the welding workshop of level 3620 (ex -450 tunnel quinoa), in moments that the assistant raised a wooden strut - 3m long x 4 ""diameter - 20 kg of weight, to place it on the work table at 1.30 m of height, treads another wooden strut placed on the floor losing the balance falling at the same level lying laterally on a concrete wall causing a bruise on the left shoulder.",0,False,False,False
R000165,2016-06-24,Country_01,Local_03,Mining,I,II,Male,Third Party,Others,"At level 3490 gallery 447, after performing the manual unlocking on load, the worker prepares to cut the sacrificial mesh that was exposed after the previous turn shot, placing himself under it with a 12-inch shear, when cutting the fifth suddenly strained wire of the mesh returns to his face casionándole the injury described. During the activity the worker used his safety glasses.","at level 3490 gallery 447, after performing the manual unlocking on load, the worker prepares to cut the sacrificial mesh that was exposed after the previous turn shot, placing himself under it with a 12-inch shear, when cutting the fifth suddenly strained wire of the mesh returns to his face casionándole the injury described. during the activity the worker used his safety glasses.",0,False,False,False
R000034,2016-02-20,Country_01,Local_04,Mining,V,V,Male,Third Party,Others,"Approximately 1:40 p.m. in circumstances that shotcrete was launched in the Nv. 1680 BP 255 of the OB2B, after finishing the launch of the first mixkret 113, the assistant of the alpha, Mr. Albertico asks the operator of the mixkret 113, Mr. Jhony to move the mixkret 116, so that access, finding in the cockpit of the mixkret the operator of the Launcher team, Mr. Danon asks him to come down. When the team started, he noticed that Mr. Danon (injured) was imprisoned between the team (height of the left rear rim) and the Hastial de la Labor.","approximately 1:40 p.m. in circumstances that shotcrete was launched in the nv. 1680 bp 255 of the ob2b, after finishing the launch of the first mixkret 113, the assistant of the alpha, mr. albertico asks the operator of the mixkret 113, mr. jhony to move the mixkret 116, so that access, finding in the cockpit of the mixkret the operator of the launcher team, mr. danon asks him to come down. when the team started, he noticed that mr. danon (injured) was imprisoned between the team (height of the left rear rim) and the hastial de la labor.",1,False,False,False
R000130,2016-05-25,Country_03,Local_10,Others,I,I,Male,Third Party,Bees,"The ground team coordinated by Prospector with his assistants: da Silva and Wila 14:45 p.m., in a prong opening to access and collect soil samples, Auxiliar came across some he tried to divert about 10 meters to the right of the place, but at the moment of the diversion he came across the marimbondo house in front of him, not giving time for any other action since the thugs were already agitated, da Silva 5 times: a sting in the head, another behind the neck and other 3 stings in the face. Since all have allergy tests, it was verified that there was no allergic reaction, washed the affected part and returned to normal activities.","the ground team coordinated by prospector with his assistants: da silva and wila 14:45 p.m., in a prong opening to access and collect soil samples, auxiliar came across some he tried to divert about 10 meters to the right of the place, but at the moment of the diversion he came across the marimbondo house in front of him, not giving time for any other action since the thugs were already agitated, da silva 5 times: a sting in the head, another behind the neck and other 3 stings in the face. since all have allergy tests, it was verified that there was no allergic reaction, washed the affected part and returned to normal activities.",0,False,False,False
R000018,2016-02-07,Country_01,Local_06,Metals,I,II,Female,Third Party,Others,"Due to the overheating of 2 bars in row 5 of cell 7 a spark is produced, which is projected and manages to reach the Chief of guard who was in the corridor, producing a first degree burn in the neck.","due to the overheating of 2 bars in row 5 of cell 7 a spark is produced, which is projected and manages to reach the chief of guard who was in the corridor, producing a first degree burn in the neck.",0,False,False,False
R000329,2017-02-14,Country_01,Local_03,Mining,IV,V,Male,Third Party,Pressed,"In the Nv. 3370, CX 212 - South, when the Mechanic loosens a through bolt of the intermediate cardan protector of the Dumper 01, the protector is released and imprisons the first finger of the left hand against the connector of the hydraulic steering cylinder (Position 2) .","in the nv. 3370, cx 212 - south, when the mechanic loosens a through bolt of the intermediate cardan protector of the dumper 01, the protector is released and imprisons the first finger of the left hand against the connector of the hydraulic steering cylinder (position 2) .",1,False,False,False
R000001,2016-01-01,Country_01,Local_01,Mining,I,IV,Male,Third Party,Pressed,"While removing the drill rod of the Jumbo 08 for maintenance, the supervisor proceeds to loosen the support of the intermediate centralizer to facilitate the removal, seeing this the mechanic supports one end on the drill of the equipment to pull with both hands the bar and accelerate the removal from this, at this moment the bar slides from its point of support and tightens the fingers of the mechanic between the drilling bar and the beam of the jumbo.","while removing the drill rod of the jumbo 08 for maintenance, the supervisor proceeds to loosen the support of the intermediate centralizer to facilitate the removal, seeing this the mechanic supports one end on the drill of the equipment to pull with both hands the bar and accelerate the removal from this, at this moment the bar slides from its point of support and tightens the fingers of the mechanic between the drilling bar and the beam of the jumbo.",1,False,False,False
R000283,2016-12-28,Country_02,Local_05,Metals,I,IV,Male,Employee,Others,"Employee reports that when trying to remove one of the plates from the overflow system of the Ustulador oven, the 5th finger of the right hand was pressed between the tool (wrench with extension) and the overflow flange of the Ustulador oven, located behind the performer.","employee reports that when trying to remove one of the plates from the overflow system of the ustulador oven, the 5th finger of the right hand was pressed between the tool (wrench with extension) and the overflow flange of the ustulador oven, located behind the performer.",1,False,False,False
R000117,2016-05-12,Country_01,Local_06,Metals,I,II,Male,Third Party (Remote),Chemical substances,"On Sunday, 15, the collaborator goes to the medical center saying that he had an accident 3 days ago when he performed internal maintenance work on the heat exchangers, defined as a confined space and at risk of burning with acid. When leaving the confined space, the employee removes the protective gloves without having passed through the emergency shower; At that moment, skin contact occurs with sulfates, generating the lesion.","on sunday, 15, the collaborator goes to the medical center saying that he had an accident 3 days ago when he performed internal maintenance work on the heat exchangers, defined as a confined space and at risk of burning with acid. when leaving the confined space, the employee removes the protective gloves without having passed through the emergency shower; at that moment, skin contact occurs with sulfates, generating the lesion.",0,False,False,False
R000358,2017-03-18,Country_01,Local_03,Mining,V,V,Male,Third Party (Remote),Power lock,"During the activity of changing conveyor belt 11B feeding the primary mill No. 2; the mechanic entered the discharge chute (0.75 x 0.75 x 0.80 m.) to clean the material, at which time the automatic sampler (0.30 x 0.25 m) that was inside the chute was activated, trapping the mechanic at the height of the chest. At the time of the accident the mechanic was alone in the work area.","during the activity of changing conveyor belt 11b feeding the primary mill no. 2; the mechanic entered the discharge chute (0.75 x 0.75 x 0.80 m.) to clean the material, at which time the automatic sampler (0.30 x 0.25 m) that was inside the chute was activated, trapping the mechanic at the height of the chest. at the time of the accident the mechanic was alone in the work area.",1,False,False,False
R000247,2016-10-29,Country_01,Local_03,Mining,I,IV,Male,Employee,Others,"In the Alimak chimney of level 2440, the alimakero driller and his assistant are positioned in the main cage with guard heads and proceed to perform the rock untie at the top of the chimney, it is at this time that the teacher perceives a spark of rock in the top and communicates to the assistant so that this prevented, when falling the rock of 1.0x0.80x0.20 m on the guard heads is fragmented and one of the fragments fall on the chain and rebound rubs the operator's right hand generating the described injury.","in the alimak chimney of level 2440, the alimakero driller and his assistant are positioned in the main cage with guard heads and proceed to perform the rock untie at the top of the chimney, it is at this time that the teacher perceives a spark of rock in the top and communicates to the assistant so that this prevented, when falling the rock of 1.0x0.80x0.20 m on the guard heads is fragmented and one of the fragments fall on the chain and rebound rubs the operator's right hand generating the described injury.",1,False,False,False
R000006,2016-01-12,Country_02,Local_05,Metals,I,III,Male,Third Party (Remote),Pressurized Systems,"During the unloading operation of the ustulado Bag there was a need to unclog the discharge mouth of the silo truck. In performing this procedure, there was a maneuver of unhooking the hose without the total depressurisation of the mouth, projecting ustulado powder in the collaborator caused irritation in the eyes.","during the unloading operation of the ustulado bag there was a need to unclog the discharge mouth of the silo truck. in performing this procedure, there was a maneuver of unhooking the hose without the total depressurisation of the mouth, projecting ustulado powder in the collaborator caused irritation in the eyes.",0,False,False,False
R000083,2016-04-04,Country_02,Local_09,Metals,III,IV,Male,Employee,Manual Tools,"When it opens the suction valve of the 420-BO-01 acid pump, the cable of the same pump comes loose by pressing the 5th finger of the employee's left hand against the tubing, causing a fracture in the distal phalanx. Photos","when it opens the suction valve of the 420-bo-01 acid pump, the cable of the same pump comes loose by pressing the 5th finger of the employee's left hand against the tubing, causing a fracture in the distal phalanx. photos",1,False,False,False
R000199,2016-08-24,Country_01,Local_01,Mining,I,II,Male,Employee,Others,"Once the topographic survey in the Stp. 440 (East zone), the victim and his co-worker, decide to continue with their work in the Stp. 440 (West), for this the injured person walks behind his co-worker (10 to 15 meters), when arriving at the loading zone (intersection Rpa 175 and St 440) the injured person asks the sccop operator to stop to pass, once the equipment is stopped, the victim passes behind his partner stuck to the gable, trying to avoid the accumulation of water, when he takes the third step into the puddle, the injured person steps on the false and falls to the floor, causing the injury .","once the topographic survey in the stp. 440 (east zone), the victim and his co-worker, decide to continue with their work in the stp. 440 (west), for this the injured person walks behind his co-worker (10 to 15 meters), when arriving at the loading zone (intersection rpa 175 and st 440) the injured person asks the sccop operator to stop to pass, once the equipment is stopped, the victim passes behind his partner stuck to the gable, trying to avoid the accumulation of water, when he takes the third step into the puddle, the injured person steps on the false and falls to the floor, causing the injury .",0,False,False,False
R000306,2017-01-24,Country_02,Local_05,Metals,I,III,Male,Third Party (Remote),Fall,"Employee was transiting the GRS area when he came to slip, suffering a twist in his left knee.","employee was transiting the grs area when he came to slip, suffering a twist in his left knee.",0,False,False,False
R000339,2017-02-25,Country_03,Local_10,Others,I,I,Male,Third Party,Venomous Animals,"On 02/25/2017 at 13:05 p.m., when assisting with GPS in the Magnetometric collaborator Gilvânio bumped the top of the field hat on a branch and was attacked by maribondos. The moths went towards his eyes, but due to the use of sunglasses, the attack in that region was prevented. The insects moved to the side of the face, getting caught between the ear and the back of the field hat, making the helper get two bites behind the ear. Gilvânio is allergic to Marimbondos bites, soon the activity was immediately paralyzed, we drove to the car, where the accident took his medicine (antiallergic already used in other situations out of work, indicated by another doctor) to avoid further swelling. Marcelo responsible for the project was also on the field in the mapping activity, was called on the radio immediately. The assistant felt good, but was taken to the emergency of the Hospital of Lavras do Sul, where he consulted the doctor, took antiallergic and was released around 15:20.","on 02/25/2017 at 13:05 p.m., when assisting with gps in the magnetometric collaborator gilvânio bumped the top of the field hat on a branch and was attacked by maribondos. the moths went towards his eyes, but due to the use of sunglasses, the attack in that region was prevented. the insects moved to the side of the face, getting caught between the ear and the back of the field hat, making the helper get two bites behind the ear. gilvânio is allergic to marimbondos bites, soon the activity was immediately paralyzed, we drove to the car, where the accident took his medicine (antiallergic already used in other situations out of work, indicated by another doctor) to avoid further swelling. marcelo responsible for the project was also on the field in the mapping activity, was called on the radio immediately. the assistant felt good, but was taken to the emergency of the hospital of lavras do sul, where he consulted the doctor, took antiallergic and was released around 15:20.",0,False,False,False
R000268,2016-12-10,Country_01,Local_04,Mining,I,II,Male,Third Party,Others,"At 18:40 hours, in moments when Mr. Claudio tipper operator readjusted the nuts of the rear tire on the right side of his vehicle, using a wheel wrench and a tube as an extension to generate greater force of torque; which was Mr. Wilber held him in his back; suffers a contusion in the palm of the right hand as the extension to his partner slips from his hands.","at 18:40 hours, in moments when mr. claudio tipper operator readjusted the nuts of the rear tire on the right side of his vehicle, using a wheel wrench and a tube as an extension to generate greater force of torque; which was mr. wilber held him in his back; suffers a contusion in the palm of the right hand as the extension to his partner slips from his hands.",0,False,False,False
R000248,2016-10-29,Country_02,Local_08,Metals,IV,IV,Male,Employee,Pressed,"In the activity of placing boards on racks for the exchange of fabrics of the filters, one of the plates was inclined, trying to put the plate in the correct position, the plate arm pressed the back of the right hand against the structure of the easel","in the activity of placing boards on racks for the exchange of fabrics of the filters, one of the plates was inclined, trying to put the plate in the correct position, the plate arm pressed the back of the right hand against the structure of the easel",1,False,False,False
R000217,2016-09-16,Country_02,Local_05,Metals,II,IV,Male,Employee,Pressurized Systems,"Employee reports that he was monitoring the existence of a borehole of a tubing in the thermal recovery boiler of the Ustulation area, through the side window, when he was struck by projection of heated air that reached his face and right forearm.","employee reports that he was monitoring the existence of a borehole of a tubing in the thermal recovery boiler of the ustulation area, through the side window, when he was struck by projection of heated air that reached his face and right forearm.",1,False,False,False
R000387,2017-05-06,Country_01,Local_01,Mining,III,IV,Male,Third Party,Manual Tools,"In Circumstances that the staff was performing the rhyming of caving HW, the 1.5 m HW pipe was suspended Approximately 5 cm from the floor, the assistant placed the stilson key No. 36 on the HW pipe to fit the pipe at a height of 10 cm from the base of the rod holder, which the operator operates the chuck to slide this back, causing the pipe to slide causing the tip of the fourth finger of the assistant's right hand to be caught between the stilson key and the base of the rod holder. At the time of the event the collaborator used all his Epps.","in circumstances that the staff was performing the rhyming of caving hw, the 1.5 m hw pipe was suspended approximately 5 cm from the floor, the assistant placed the stilson key no. 36 on the hw pipe to fit the pipe at a height of 10 cm from the base of the rod holder, which the operator operates the chuck to slide this back, causing the pipe to slide causing the tip of the fourth finger of the assistant's right hand to be caught between the stilson key and the base of the rod holder. at the time of the event the collaborator used all his epps.",1,False,False,False
R000201,2016-08-27,Country_01,Local_06,Metals,I,II,Male,Employee,Pressurized Systems / Chemical Substances,"At 22:50 hours in row 12 when the cell suction partner removes the suction hose, untimely splashes of electrolyte solution in the left eye. Immediately he was referred to the medical service.","at 22:50 hours in row 12 when the cell suction partner removes the suction hose, untimely splashes of electrolyte solution in the left eye. immediately he was referred to the medical service.",0,False,False,False
R000135,2016-06-03,Country_01,Local_01,Mining,I,II,Male,Third Party,Others,"In circumstances that the collaborator performed the cleaning of the ditch 3570, 0.50 cm deep, removing the pipe of 2 ""HDPE material with an estimated weight of 30 Kg. Together with two collaborators, when pushing the tube to drain the dune, the collaborator is hit on the lower right side lip producing a slight blow to the lip. At the time of the event, the collaborator had a safety helmet, glasses and gloves.","in circumstances that the collaborator performed the cleaning of the ditch 3570, 0.50 cm deep, removing the pipe of 2 ""hdpe material with an estimated weight of 30 kg. together with two collaborators, when pushing the tube to drain the dune, the collaborator is hit on the lower right side lip producing a slight blow to the lip. at the time of the event, the collaborator had a safety helmet, glasses and gloves.",0,False,False,False
R000382,2017-04-24,Country_01,Local_03,Mining,I,V,Male,Employee,Others,"In circumstances that Mr. Efraín OSORIO FELIX - Mina 2nd. He entered the interior of Pocket 2 at level 2865 (Before -1205). It activated the compressed air gun that is installed in the lower part of the structure with a nozzle that communicates the air lung with the internal part of the pocket, projecting a violent flow of air that blows the left leg of the worker and generates a stun by the noise produced.","in circumstances that mr. efraín osorio felix - mina 2nd. he entered the interior of pocket 2 at level 2865 (before -1205). it activated the compressed air gun that is installed in the lower part of the structure with a nozzle that communicates the air lung with the internal part of the pocket, projecting a violent flow of air that blows the left leg of the worker and generates a stun by the noise produced.",1,False,False,False
R000166,2016-07-08,Country_01,Local_01,Mining,I,II,Male,Employee,Others,"In circumstances in which the adjutant of the scissor bolter came down by the team's ladder - last step - it slides from an approximate height of 0.9 m. and falls sitting on the floor. At the time of the accident, the person involved in the use of the helmet; there were no rocks or materials in the crash site.","in circumstances in which the adjutant of the scissor bolter came down by the team's ladder - last step - it slides from an approximate height of 0.9 m. and falls sitting on the floor. at the time of the accident, the person involved in the use of the helmet; there were no rocks or materials in the crash site.",0,False,False,False
R000074,2016-04-01,Country_01,Local_03,Mining,I,III,Male,Third Party,Others,"After loading two blown holes from the previous blasting with the use of a telescopic ladder, the master loader pulls the ladder detaching from the upper support point, about 3 mt. of height, a fragment of rock - 3cm x 3cm x 2 cm; 54 gr - which is projected by the right end of the ladder hitting the master loader on the cheekbone and upper lip producing the lesion described. The master shipper used his safety glasses.","after loading two blown holes from the previous blasting with the use of a telescopic ladder, the master loader pulls the ladder detaching from the upper support point, about 3 mt. of height, a fragment of rock - 3cm x 3cm x 2 cm; 54 gr - which is projected by the right end of the ladder hitting the master loader on the cheekbone and upper lip producing the lesion described. the master shipper used his safety glasses.",0,False,False,False
R000377,2017-04-19,Country_03,Local_10,Others,I,IV,Male,Third Party,Others,"On 04/19/2017, the employee de Lima da Silva was composing the team of opening of bite to survey of IP. The team consisted of one mining technician and three assistants. When was moving in the bite he touched his left foot on a stump of Tucum that was on the ground covered with dry leaves of vegetation near drainage. When he felt the thorn piercing on his foot, he told the mining technician what had happened and the teammate removed the thorn that pierced the top of the boot. After removal of the spine the foot was washed and it was verified that there was no other injury. After the event the technician waxed the activity and returned to the city of Porangatu / GO. It was not necessary to take the employee to the health unit.","on 04/19/2017, the employee de lima da silva was composing the team of opening of bite to survey of ip. the team consisted of one mining technician and three assistants. when was moving in the bite he touched his left foot on a stump of tucum that was on the ground covered with dry leaves of vegetation near drainage. when he felt the thorn piercing on his foot, he told the mining technician what had happened and the teammate removed the thorn that pierced the top of the boot. after removal of the spine the foot was washed and it was verified that there was no other injury. after the event the technician waxed the activity and returned to the city of porangatu / go. it was not necessary to take the employee to the health unit.",1,False,False,False
R000054,2016-03-13,Country_01,Local_03,Mining,I,IV,Male,Third Party (Remote),Others,"The mechanic assistant after throwing the wooden blocks of support of the stabilizer of the Hiab crane truck to the ground, when descending from the truck by the access ladder when arriving at the last step jumps towards the ground - height of 69cm - treading the edge of one of The wooden blocks cause an injury to the left ankle.","the mechanic assistant after throwing the wooden blocks of support of the stabilizer of the hiab crane truck to the ground, when descending from the truck by the access ladder when arriving at the last step jumps towards the ground - height of 69cm - treading the edge of one of the wooden blocks cause an injury to the left ankle.",1,False,False,False
R000203,2016-08-30,Country_01,Local_06,Metals,I,II,Male,Third Party,Others,"Collaborator was cleaning the sink of the Copper repulping area, at the moment of filling the truck with the shovel, he projects sludge towards the lenses; soiling them and obstructing vision. The worker indicates that when removing the lenses to clean them, some mud particles enter the left eye causing discomfort. It is referred to the medical center for the corresponding attention.","collaborator was cleaning the sink of the copper repulping area, at the moment of filling the truck with the shovel, he projects sludge towards the lenses; soiling them and obstructing vision. the worker indicates that when removing the lenses to clean them, some mud particles enter the left eye causing discomfort. it is referred to the medical center for the corresponding attention.",0,False,False,False
R000330,2017-02-15,Country_03,Local_10,Others,I,I,Male,Third Party,Venomous Animals,"On 02/15/2017 at 3:27 pm, when performing the Magnetometric using GPS, the collaborator Antônio bumped the top of the field hat on a branch and was attacked by maribondos. He was bitten behind the ear and another on the shoulder, but he continued his activity because he felt no pain or swelling.","on 02/15/2017 at 3:27 pm, when performing the magnetometric using gps, the collaborator antônio bumped the top of the field hat on a branch and was attacked by maribondos. he was bitten behind the ear and another on the shoulder, but he continued his activity because he felt no pain or swelling.",0,False,False,False
R000299,2017-01-17,Country_02,Local_08,Metals,I,IV,Male,Employee,Liquid Metal,"Upon approaching the furnace that was in the process of melting the Zn ingot, it was struck by liquid metal projection.","upon approaching the furnace that was in the process of melting the zn ingot, it was struck by liquid metal projection.",1,False,False,False
R000143,2016-06-08,Country_01,Local_06,Metals,IV,IV,Male,Employee,Fall prevention (same level),At approximately 6:20 p.m. on 08/06/16 the operator Eustaquio falls down from the metal platform that gives access to tank D-1021 of the strong acid leaching stage and suffers luxo-fractures in the wrist left when leaning on the floor with his hand. The operator was directed to the first tank of the strong acid leaching stage (Tk D-2040) to verify the entry of spent to the taque.,at approximately 6:20 p.m. on 08/06/16 the operator eustaquio falls down from the metal platform that gives access to tank d-1021 of the strong acid leaching stage and suffers luxo-fractures in the wrist left when leaning on the floor with his hand. the operator was directed to the first tank of the strong acid leaching stage (tk d-2040) to verify the entry of spent to the taque.,1,False,False,False
R000095,2016-04-17,Country_02,Local_05,Metals,I,IV,Male,Employee,Cut,"Employee reports that when attempting to manually ingot of Zinco, on the rotary table of the L1 ingot, hit with the left hand against the angle in the structure of the ingot, by pressing the finger between the ingot and the angle.","employee reports that when attempting to manually ingot of zinco, on the rotary table of the l1 ingot, hit with the left hand against the angle in the structure of the ingot, by pressing the finger between the ingot and the angle.",1,False,False,False
R000280,2016-12-22,Country_01,Local_01,Mining,I,IV,Male,Third Party,Others,"At the end of the unleashing of saturated material on the talus crest of bank 4318, the rugged taut rope to leave the work area, tension at which moment loose material from the top of the slope crumbles (height of 6m and stool of 3m) projecting a fragment (6cmx2cmx1cm; 26gr) which rubs the right cheek causing the injury. At the time of the event the area was isolated and the collaborator had all the epps corresponding to the activity.","at the end of the unleashing of saturated material on the talus crest of bank 4318, the rugged taut rope to leave the work area, tension at which moment loose material from the top of the slope crumbles (height of 6m and stool of 3m) projecting a fragment (6cmx2cmx1cm; 26gr) which rubs the right cheek causing the injury. at the time of the event the area was isolated and the collaborator had all the epps corresponding to the activity.",1,False,False,False
R000060,2016-03-17,Country_01,Local_01,Mining,I,II,Male,Third Party,Others,"At the end of the loading of explosives on the work front, the master loader enters to verify the mooring of the blasting accessories, when retiring from the top (1.5 m), he hears the sound of fragments of rock rolling through the support mesh, directs its gaze towards the crown in a vertical form, at which point a small fragment of rock (2x3x2cm; 36gr) passes through the openings of the mesh. sustaining impact on the forehead. At the time of the event the collaborator used his helmet and safety lens and the front was with support to the top and sacrifice mesh. The opening of the support mesh is 3 ""x 3"".","at the end of the loading of explosives on the work front, the master loader enters to verify the mooring of the blasting accessories, when retiring from the top (1.5 m), he hears the sound of fragments of rock rolling through the support mesh, directs its gaze towards the crown in a vertical form, at which point a small fragment of rock (2x3x2cm; 36gr) passes through the openings of the mesh. sustaining impact on the forehead. at the time of the event the collaborator used his helmet and safety lens and the front was with support to the top and sacrifice mesh. the opening of the support mesh is 3 ""x 3"".",0,False,False,False
R000322,2017-02-08,Country_01,Local_04,Mining,II,III,Male,Third Party,Cut,The injured collaborator and one of his colleagues wanted to move a rim of a scoop tire for which using their own strength they threw the rim to the floor to make it roll and in that instant the eyelash hits the fifth finger of the right hand against the ring producing the injury.,the injured collaborator and one of his colleagues wanted to move a rim of a scoop tire for which using their own strength they threw the rim to the floor to make it roll and in that instant the eyelash hits the fifth finger of the right hand against the ring producing the injury.,0,False,False,False
R000359,2017-03-22,Country_01,Local_06,Metals,V,V,Male,Third Party (Remote),Power lock,"Being approximately 20:57 hours of 03/22/2017; during the change of cables between the Z-332 power cell (locked cabinet) and the Z014 transformer; there is a loud noise followed by an oscillation of the electrical system. At that moment the collaborator Queneche of the company EISSA is found on the floor with his head inside an adjoining cell Z-132 (cabinet Not blocked - where he was not assigned to do any work), after having received an electric shock .","being approximately 20:57 hours of 03/22/2017; during the change of cables between the z-332 power cell (locked cabinet) and the z014 transformer; there is a loud noise followed by an oscillation of the electrical system. at that moment the collaborator queneche of the company eissa is found on the floor with his head inside an adjoining cell z-132 (cabinet not blocked - where he was not assigned to do any work), after having received an electric shock .",1,False,False,False
R000073,2016-03-31,Country_02,Local_08,Metals,I,III,Male,Third Party (Remote),Pressed,"The employee, performing the truck's unloading operation, an iron bundle pressed his right finger and injured his left arm.","the employee, performing the truck's unloading operation, an iron bundle pressed his right finger and injured his left arm.",0,False,False,False
R000412,2017-06-24,Country_01,Local_01,Mining,II,III,Male,Employee,Others,"The injured and his collaborators at the time of making the 4 ""HDPE pipe, which was to be used for hydraulic filling, is released, causing one of the ends of the pipe to impact on the lip, causing an injury . Apparently the support 1 deconcentrates and releases a little the pipe, this action generates that the pipe presented with the rubber of the victaúlica copla, is released generating the impact previously described. The pipe was empty without hydraulic load.","the injured and his collaborators at the time of making the 4 ""hdpe pipe, which was to be used for hydraulic filling, is released, causing one of the ends of the pipe to impact on the lip, causing an injury . apparently the support 1 deconcentrates and releases a little the pipe, this action generates that the pipe presented with the rubber of the victaúlica copla, is released generating the impact previously described. the pipe was empty without hydraulic load.",0,False,False,False
R000085,2016-04-05,Country_02,Local_05,Metals,I,III,Male,Third Party,Pressed,Employee reports that when handling the air conditioning pressed the 2nd right chirodactilo causing a contusion.,employee reports that when handling the air conditioning pressed the 2nd right chirodactilo causing a contusion.,0,False,False,False
R000121,2016-05-19,Country_01,Local_03,Mining,I,IV,Male,Third Party (Remote),Others,"At the El Porvenir sub-station at level 4240, when assembling a metal structure (approximately 120 kg) with the support of a lifting system, three operators try to accommodate the structure to anchor it on its base, at this moment the Metallic structure slides in the direction of the injured worker's right hand, producing a slight right hand accretion between the head of the bolt and the base of the structure causing the injury. At the time of the accident the operators made use of their safety gloves.","at the el porvenir sub-station at level 4240, when assembling a metal structure (approximately 120 kg) with the support of a lifting system, three operators try to accommodate the structure to anchor it on its base, at this moment the metallic structure slides in the direction of the injured worker's right hand, producing a slight right hand accretion between the head of the bolt and the base of the structure causing the injury. at the time of the accident the operators made use of their safety gloves.",1,False,False,False
R000008,2016-01-17,Country_01,Local_04,Mining,I,III,Male,Third Party,Pressed,"At approximately 04:50 p.m., when the mechanic technician José of the Tecnomin verified the transmission belts of the HM-100 pump at the Acid plant, he proceeded to turn the pulley manually; unexpectedly at that instant the electrician supervisor Miguel of the EKA Mining grabs the transmission belts to verify their tension, at which point the finger traps.","at approximately 04:50 p.m., when the mechanic technician josé of the tecnomin verified the transmission belts of the hm-100 pump at the acid plant, he proceeded to turn the pulley manually; unexpectedly at that instant the electrician supervisor miguel of the eka mining grabs the transmission belts to verify their tension, at which point the finger traps.",0,False,False,False
R000238,2016-10-13,Country_02,Local_02,Mining,II,II,Male,Third Party (Remote),Others,"Employee assisted in the support of the gate, while the other the tying of the canvas in the frame, and by pressing the rope so that the canvas stretched, the metal structure moved, coming out of the wooden support, falling and striking against the employee's face, causing a cut in the right superciliary.","employee assisted in the support of the gate, while the other the tying of the canvas in the frame, and by pressing the rope so that the canvas stretched, the metal structure moved, coming out of the wooden support, falling and striking against the employee's face, causing a cut in the right superciliary.",0,False,False,False
R000176,2016-07-18,Country_01,Local_06,Metals,I,III,Male,Third Party,Fall prevention (same level),"At 21:15 hours on 07/18/2016, the collaborator Warrin (welder), when trying to inspect a cracking point in the INLET of the G2143 laminator, slips and falls to the same level hitting his face and hand , he was immediately transferred to the medical service for evaluation.","at 21:15 hours on 07/18/2016, the collaborator warrin (welder), when trying to inspect a cracking point in the inlet of the g2143 laminator, slips and falls to the same level hitting his face and hand , he was immediately transferred to the medical service for evaluation.",0,False,False,False
R000081,2016-03-22,Country_03,Local_10,Others,I,I,Male,Third Party,Others,"During the trip to the vehicle, at the end of the work, the collaborator Rhainer stepped on an object that he could not identify, thus coming to pierce the sole of the boot and causing a small hole in the sole of the left foot of the collaborator. The perforation was possibly due to a stump of wood, since the area covered by the collaborator, was a pasture grazed recently and near a residence.","during the trip to the vehicle, at the end of the work, the collaborator rhainer stepped on an object that he could not identify, thus coming to pierce the sole of the boot and causing a small hole in the sole of the left foot of the collaborator. the perforation was possibly due to a stump of wood, since the area covered by the collaborator, was a pasture grazed recently and near a residence.",0,False,False,False
R000232,2016-10-03,Country_01,Local_03,Mining,I,IV,Male,Third Party,Others,"At the intersection of level 3970 - main road and access to the south ramp, the collaborator, after having freed the tube 2 inches in diameter from the gable, descended holding the pipe on the fourth step of a telescopic aluminum ladder (approximately at 1.20 meters from the floor) at which point another clamping point in the gable is lifted by lifting the tube which pulls the worker causing him to lose balance and fall from a height of 1.20 meters. The described injury occurring.","at the intersection of level 3970 - main road and access to the south ramp, the collaborator, after having freed the tube 2 inches in diameter from the gable, descended holding the pipe on the fourth step of a telescopic aluminum ladder (approximately at 1.20 meters from the floor) at which point another clamping point in the gable is lifted by lifting the tube which pulls the worker causing him to lose balance and fall from a height of 1.20 meters. the described injury occurring.",1,False,False,False
R000343,2017-02-27,Country_02,Local_02,Mining,III,IV,Male,Employee,Others,"When performing cleaning activity of the area near the 042-TC-06 - Grinding the employee was handling a block of triangular shaped rock measuring (b = 53cm x h = 42cm x e = 12cm). During the movement, he lost his balance by falling with the rock on the thumb of his left hand, injuring him.","when performing cleaning activity of the area near the 042-tc-06 - grinding the employee was handling a block of triangular shaped rock measuring (b = 53cm x h = 42cm x e = 12cm). during the movement, he lost his balance by falling with the rock on the thumb of his left hand, injuring him.",1,False,False,False
R000215,2016-09-15,Country_03,Local_10,Others,I,I,Male,Third Party,Others,"When cutting the vegetation to open the bite, using a sickle, the assistant struck the vine twice. When the liana ruptured, the top of the branch projected against the face of the auxiliary causing the cut in the upper lip.","when cutting the vegetation to open the bite, using a sickle, the assistant struck the vine twice. when the liana ruptured, the top of the branch projected against the face of the auxiliary causing the cut in the upper lip.",0,False,False,False
R000211,2016-09-06,Country_02,Local_07,Mining,I,II,Male,Employee,Others,"The employee reports that when performing the maintenance activity of pump on the tunnel of the TC-020, as he was pulling out the rotor, struck the piece with the mallet that slipped from his hand. Reaching the lower part of your left leg, causing the injury.","the employee reports that when performing the maintenance activity of pump on the tunnel of the tc-020, as he was pulling out the rotor, struck the piece with the mallet that slipped from his hand. reaching the lower part of your left leg, causing the injury.",0,False,False,False
R000049,2016-03-06,Country_01,Local_04,Mining,I,III,Male,Employee,Others,"On pit 831 of level 1910 when radial drilling was performed of negative holes with the simba M4C ITH No. 5 equipment, when the assistant of the equipment operator made the change of the drill bit, the metal bar (hammer) is released from the coupling of the rotation unit and when abruptly withdrawing his hands hit the back of his right hand against the team's structure. At the time of the accident the team was Paid.","on pit 831 of level 1910 when radial drilling was performed of negative holes with the simba m4c ith no. 5 equipment, when the assistant of the equipment operator made the change of the drill bit, the metal bar (hammer) is released from the coupling of the rotation unit and when abruptly withdrawing his hands hit the back of his right hand against the team's structure. at the time of the accident the team was paid.",0,False,False,False
R000255,2016-11-21,Country_03,Local_10,Others,I,I,Male,Third Party,Others,"In the region of Povoado Vista - Martinópole - CE, the employee Fábio de Vieira performed soil collection activities in the field, together with the auxiliaries Manoel da Silva and Diassis do Nascimento, when around 10:00 am, when crossing a fence his glove was attached to the wire and his body projected forward causing a slight twist of the left wrist. The team traveled to the city of Granja and the employee was referred to the hospital for consultation. The doctor did not diagnose a fracture, prescribing remedy for local pain and ice packs. By medical evaluation the employee can carry out his activities normally.","in the region of povoado vista - martinópole - ce, the employee fábio de vieira performed soil collection activities in the field, together with the auxiliaries manoel da silva and diassis do nascimento, when around 10:00 am, when crossing a fence his glove was attached to the wire and his body projected forward causing a slight twist of the left wrist. the team traveled to the city of granja and the employee was referred to the hospital for consultation. the doctor did not diagnose a fracture, prescribing remedy for local pain and ice packs. by medical evaluation the employee can carry out his activities normally.",0,False,False,False
R000030,2016-02-16,Country_02,Local_07,Mining,II,III,Male,Employee,Others,When using the griff wrench to unscrew the rod from the probe the key came to move by pressing the employee's finger against the probe.,when using the griff wrench to unscrew the rod from the probe the key came to move by pressing the employee's finger against the probe.,0,False,False,False
R000227,2016-09-30,Country_01,Local_04,Mining,I,I,Male,Employee,Others,"Being at 11:00 a.m. approximately the mechanic was removing the last bolt of the 6 ""nipple in the pump 4115 (lime feeder), reactive area, the mechanic is positioned slightly flexing the legs and performs upward force with both hands, in that moment feels a pain and a spume in the right thigh. The mechanic is evacuated with the help of his colleagues to the medical post.","being at 11:00 a.m. approximately the mechanic was removing the last bolt of the 6 ""nipple in the pump 4115 (lime feeder), reactive area, the mechanic is positioned slightly flexing the legs and performs upward force with both hands, in that moment feels a pain and a spume in the right thigh. the mechanic is evacuated with the help of his colleagues to the medical post.",0,False,False,False
R000120,2016-05-17,Country_01,Local_11,Others,I,II,Male,Employee,Others,"When an employee of MILPO Lima visited the facilities, when he was at level 2900, waiting for the personnel cage to go up to level 4070, drops of water fall from the ceiling from a height of 2.20 meters approximately, product of a slight filtration in the crown (sustained with shotcrete), a drop enters the right eye causing discomfort in the right eye. According to the employee, at the time of the accident the lenses had been removed to clean them, this happened after the visit to the interior of the mine.","when an employee of milpo lima visited the facilities, when he was at level 2900, waiting for the personnel cage to go up to level 4070, drops of water fall from the ceiling from a height of 2.20 meters approximately, product of a slight filtration in the crown (sustained with shotcrete), a drop enters the right eye causing discomfort in the right eye. according to the employee, at the time of the accident the lenses had been removed to clean them, this happened after the visit to the interior of the mine.",0,False,False,False
R000277,2016-12-19,Country_01,Local_04,Mining,I,III,Male,Employee,Others,"In circumstances that the operator performed the lifting of an 8-inch vitaulic pipe, this is imprisoned in the structure of the railing of the truck, instants that pushes the pipe with the right hand this returns to its initial position hitting the middle finger of the employee causing a bruise","in circumstances that the operator performed the lifting of an 8-inch vitaulic pipe, this is imprisoned in the structure of the railing of the truck, instants that pushes the pipe with the right hand this returns to its initial position hitting the middle finger of the employee causing a bruise",0,False,False,False
R000162,2016-06-29,Country_01,Local_01,Mining,I,IV,Male,Employee,Others,"In plant while doing work on GEHO pump reducer N ° 1, when accompanying the rotation of the shaft of the reducer with a mixed key of 7/16 "", the wrench crown hits against the housing of the GEHO pump attributing the Union area of ​​the fifth and fourth fingers of the welder's right hand causing the injury. At the time of the accident the equipment was blocked and the employee used his leather gloves.","in plant while doing work on geho pump reducer n ° 1, when accompanying the rotation of the shaft of the reducer with a mixed key of 7/16 "", the wrench crown hits against the housing of the geho pump attributing the union area of the fifth and fourth fingers of the welder's right hand causing the injury. at the time of the accident the equipment was blocked and the employee used his leather gloves.",1,False,False,False
R000113,2016-05-04,Country_02,Local_05,Metals,I,III,Male,Third Party (Remote),Chemical substances,"When conducting inspection to evaluate activity to be carried out in the pump house of the Ustulation steam station, it was struck by sulfuric acid spills from a line located above the house of thermal recovery boiler pumps.","when conducting inspection to evaluate activity to be carried out in the pump house of the ustulation steam station, it was struck by sulfuric acid spills from a line located above the house of thermal recovery boiler pumps.",0,False,False,False
R000014,2016-02-02,Country_01,Local_01,Mining,IV,V,Male,Third Party,Electrical installation,"In moments that the operator of the Jumbo 2, tried energize your equipment to proceed to the installation of 4 split set at intersection 544 of Nv 3300, remove the lock and opening the electric board of 440V and 400A, and when lifting the thermomagnetic key This makes phase to ground - phase contact with the panel shell - producing a flash which reaches the operator causing the injury described.","in moments that the operator of the jumbo 2, tried energize your equipment to proceed to the installation of 4 split set at intersection 544 of nv 3300, remove the lock and opening the electric board of 440v and 400a, and when lifting the thermomagnetic key this makes phase to ground - phase contact with the panel shell - producing a flash which reaches the operator causing the injury described.",1,False,False,False
R000027,2016-02-13,Country_01,Local_01,Mining,I,I,Male,Employee,Others,"At the end of lunch in an enabled place on the side of the winche control room. He gets up and after a short walk he slips and sits with the floor and making contact with the left knee and not taking importance in the rest of the guard, when the guard is finished, he goes to safety and communicates the fact, for which reason it is derived Natclar, for your attention.","at the end of lunch in an enabled place on the side of the winche control room. he gets up and after a short walk he slips and sits with the floor and making contact with the left knee and not taking importance in the rest of the guard, when the guard is finished, he goes to safety and communicates the fact, for which reason it is derived natclar, for your attention.",0,False,False,False
R000196,2016-08-22,Country_02,Local_05,Metals,I,III,Male,Employee,Pressed,"The employee was performing cutting activity on a carbon steel pipe attached to the band saw machine. Due to uneven weight distribution, the tube moved downward and the other end was projected upwards, pressing the thumb.","the employee was performing cutting activity on a carbon steel pipe attached to the band saw machine. due to uneven weight distribution, the tube moved downward and the other end was projected upwards, pressing the thumb.",0,False,False,False
R000056,2016-03-14,Country_01,Local_06,Metals,II,III,Male,Third Party (Remote),Chemical substances,"During the discharge of waste, the operator proceeds to remove a bag that was under the hose rolled, in this circumstance one of the ends of the hose moves in the direction of the face of the driver, projecting the liquid contained in it and impacting it on the ear and part of the face.","during the discharge of waste, the operator proceeds to remove a bag that was under the hose rolled, in this circumstance one of the ends of the hose moves in the direction of the face of the driver, projecting the liquid contained in it and impacting it on the ear and part of the face.",0,False,False,False
R000224,2016-09-22,Country_01,Local_06,Metals,I,III,Male,Employee,Others,"The technician Operator when heading towards the zone of lifting containers of dust of zinc in the Section 50, uses a space between base of tranquera and sardinel, slipping in the edge and raspándose left side of thorax. He was treated at the medical center with local treatment, returning to his work area.","the technician operator when heading towards the zone of lifting containers of dust of zinc in the section 50, uses a space between base of tranquera and sardinel, slipping in the edge and raspándose left side of thorax. he was treated at the medical center with local treatment, returning to his work area.",0,False,False,False
R000240,2016-10-18,Country_01,Local_03,Mining,IV,IV,Male,Third Party,Others,"In circumstances that the assistant of mine was arranging to advance the hose of flexible nylon of 1 ""of diameter, to proceed with the watered of shot fired, positioning itself under a zone with the support deteriorated by the last blasting, moment in which it gives off a block of rock (25cmx10cmx5cm; 3.5 Kg) of the roof of the work of a height of 5.2 meters which when falling hits by rebound in the left leg of the collaborator causing the described injury.","in circumstances that the assistant of mine was arranging to advance the hose of flexible nylon of 1 ""of diameter, to proceed with the watered of shot fired, positioning itself under a zone with the support deteriorated by the last blasting, moment in which it gives off a block of rock (25cmx10cmx5cm; 3.5 kg) of the roof of the work of a height of 5.2 meters which when falling hits by rebound in the left leg of the collaborator causing the described injury.",1,False,False,False
R000122,2016-05-18,Country_02,Local_05,Metals,I,III,Male,Employee,Others,"The employee was performing carbon steel pipe marking activity when his helmet was struck by a tube, causing a scalp wound due to the impact of the helmet's sheepskin.","the employee was performing carbon steel pipe marking activity when his helmet was struck by a tube, causing a scalp wound due to the impact of the helmet's sheepskin.",0,False,False,False
R000123,2016-05-22,Country_02,Local_08,Metals,I,III,Male,Employee,Blocking and isolation of energies,"During the maintenance on the LX-P-205B pump, there was the projection of silicate pulp, reaching the right leg of the employee.","during the maintenance on the lx-p-205b pump, there was the projection of silicate pulp, reaching the right leg of the employee.",0,False,False,False
R000406,2017-06-11,Country_01,Local_06,Metals,I,II,Male,Third Party,Cut,"Approx. 18:40 hours, Mr. Luis maintenance team of mobile equipment, adjusted a bolt of the front loader J005A, at which time his face is impacted by the key used for this activity, producing a slight cut in the surface of the face. He is transferred to the medical service, attended and registered.","approx. 18:40 hours, mr. luis maintenance team of mobile equipment, adjusted a bolt of the front loader j005a, at which time his face is impacted by the key used for this activity, producing a slight cut in the surface of the face. he is transferred to the medical service, attended and registered.",0,False,False,False
R000053,2016-03-11,Country_01,Local_03,Mining,I,V,Male,Third Party,Others,"In circumstances that two workers of the company INCIMMET fectuaban the loading of explosives using an equipment anfoloader, in a front of the work - sustained with shotcreterepentinamente of the right superior part of the crown, a piece of rock of approx. 9. kg, (0.2mx0.15mx0.10m), impacting on the basket and on the back of the helper who was in the basket suspended at 2.2 m height, moments later a block of rock is detached from the wall of the gable approx. 1,500 kg. (1.20mx1.10mx0.40m), which impacts the ampoloader team and part of this block injures the operator of the ampoloader team who was standing on the ground. The equipment anfoloader has a cabin with protection ROPs and FOPs, at the time of the accident both workers used helmets and safety boots. Both suffered polyontusions and minor scoria injuries.","in circumstances that two workers of the company incimmet fectuaban the loading of explosives using an equipment anfoloader, in a front of the work - sustained with shotcreterepentinamente of the right superior part of the crown, a piece of rock of approx. 9. kg, (0.2mx0.15mx0.10m), impacting on the basket and on the back of the helper who was in the basket suspended at 2.2 m height, moments later a block of rock is detached from the wall of the gable approx. 1,500 kg. (1.20mx1.10mx0.40m), which impacts the ampoloader team and part of this block injures the operator of the ampoloader team who was standing on the ground. the equipment anfoloader has a cabin with protection rops and fops, at the time of the accident both workers used helmets and safety boots. both suffered polyontusions and minor scoria injuries.",1,False,False,False
R000393,2017-05-16,Country_02,Local_12,Others,I,I,Male,Employee,Others,"The employee, as he passed the corner of the front door for not seeing the virdro, had a slight swelling in the frontal region due to the closing of the glass door.","the employee, as he passed the corner of the front door for not seeing the virdro, had a slight swelling in the frontal region due to the closing of the glass door.",0,False,False,False
R000290,2017-01-07,Country_01,Local_04,Mining,I,IV,Male,Employee,Others,"When making the change of support of the vertical pump of 6 ""(40357 Zinc two mechanics raised a beam in"" H ""(4"" x 2.7 m and 45 kg.) One at each end and being at the height of The injured person's knee slips from his hands causing the injury described.","when making the change of support of the vertical pump of 6 ""(40357 zinc two mechanics raised a beam in"" h ""(4"" x 2.7 m and 45 kg.) one at each end and being at the height of the injured person's knee slips from his hands causing the injury described.",1,False,False,False
R000327,2017-02-13,Country_02,Local_05,Metals,I,IV,Male,Employee,Projection,"During the maintenance of the peristaltic pump 02BP0166 to change the internal hose, the rupture tubing of the reserve pump 02BP0167 ruptured after it started to operate, designing solution heated towards the employee, reaching his left forearm causing irritation in the skin.","during the maintenance of the peristaltic pump 02bp0166 to change the internal hose, the rupture tubing of the reserve pump 02bp0167 ruptured after it started to operate, designing solution heated towards the employee, reaching his left forearm causing irritation in the skin.",1,False,False,False
R000315,2017-02-04,Country_02,Local_02,Mining,I,III,Male,Employee,Manual Tools,Employee was performing drilling activity with the LM17 probe at level 585 GPS and when positioning the needle stem came to hit the left hand ring finger against the retraction box causing superficial injury.,employee was performing drilling activity with the lm17 probe at level 585 gps and when positioning the needle stem came to hit the left hand ring finger against the retraction box causing superficial injury.,0,False,False,False
R000108,2016-05-02,Country_02,Local_05,Metals,I,IV,Female,Third Party (Remote),Chemical substances,The employee reports that climbing the access ladder to the operating room of the Ustulation was surprised by the projection of sulfuric acid.,the employee reports that climbing the access ladder to the operating room of the ustulation was surprised by the projection of sulfuric acid.,1,False,False,False
R000017,2016-02-06,Country_01,Local_04,Mining,III,IV,Male,Third Party,Others,"At Rp 050 of level 1620, in circumstances where the workers of the company were performing the task of diamond drilling, the assistants Jhonatan (injured) and Nilton were preparing to increase the HQ perforation pipe located on the scaffolding, Mr. Jhonatan lifts one end of the tube and supports it on the pulley of the equipment frame, the other end being on the working scaffolding, at the moment that Mr. Nilton lifts the end of the HQ pipe that is in the scaffolding to position in the frame, the upper part of the pipe comes out of the pulley falling and striking the right hand of the worker jhonatan against bolts that has the lateral part of the same frame causing the injury described.","at rp 050 of level 1620, in circumstances where the workers of the company were performing the task of diamond drilling, the assistants jhonatan (injured) and nilton were preparing to increase the hq perforation pipe located on the scaffolding, mr. jhonatan lifts one end of the tube and supports it on the pulley of the equipment frame, the other end being on the working scaffolding, at the moment that mr. nilton lifts the end of the hq pipe that is in the scaffolding to position in the frame, the upper part of the pipe comes out of the pulley falling and striking the right hand of the worker jhonatan against bolts that has the lateral part of the same frame causing the injury described.",1,False,False,False
R000242,2016-10-20,Country_02,Local_05,Metals,I,III,Male,Employee,Pressurized Systems,"As the employee cleaned the thermal recovery boiler using an air boom, the hose loosened from the pipe connection, drawing a jet of compressed air toward his right ear, causing impact noise.","as the employee cleaned the thermal recovery boiler using an air boom, the hose loosened from the pipe connection, drawing a jet of compressed air toward his right ear, causing impact noise.",0,False,False,False
R000239,2016-10-13,Country_01,Local_03,Mining,III,IV,Male,Employee,Others,"In phase I, the operator carried out the removal of inchancanbles of the reciprocating feeder, while removing a split set with the support of a rope, the staff supports the left hand on the structure of the protection against falling, it is at this moment that another split set comes out together with the load and hits on the distal phalanx of the fifth finger of the left hand, generating the described injury.","in phase i, the operator carried out the removal of inchancanbles of the reciprocating feeder, while removing a split set with the support of a rope, the staff supports the left hand on the structure of the protection against falling, it is at this moment that another split set comes out together with the load and hits on the distal phalanx of the fifth finger of the left hand, generating the described injury.",1,False,False,False
R000229,2016-10-03,Country_01,Local_04,Mining,I,II,Male,Third Party,Others,"Being 5:15 a.m. in the N. in the NV 1710 CX 018, the mixkret operator was washing the mixkret 116 with a hose with water under pressure, it is necessary to change the location; from the right side to the left and He proceeds to pull the hose then slips and feels that the left foot bends.","being 5:15 a.m. in the n. in the nv 1710 cx 018, the mixkret operator was washing the mixkret 116 with a hose with water under pressure, it is necessary to change the location; from the right side to the left and he proceeds to pull the hose then slips and feels that the left foot bends.",0,False,False,False
R000210,2016-09-05,Country_02,Local_05,Metals,I,II,Female,Employee,Venomous Animals,By participating in the general DDS held in the outside area of ​​the central locker room the employee was bitten by a bee.,by participating in the general dds held in the outside area of the central locker room the employee was bitten by a bee.,0,False,False,False
R000222,2016-09-21,Country_02,Local_05,Metals,II,III,Male,Third Party,Manual Tools,"Employee was preparing rice using a utensil type skimmer to stir inside the pressure cooker when part of the cable broke, reaching its hand causing a blunt cut.","employee was preparing rice using a utensil type skimmer to stir inside the pressure cooker when part of the cable broke, reaching its hand causing a blunt cut.",0,False,False,False
R000159,2016-06-23,Country_02,Local_08,Metals,I,II,Male,Employee,Manual Tools,"When handling a lever to move the sludge, the employee moved it by making a pendulum movement and striking his chin.","when handling a lever to move the sludge, the employee moved it by making a pendulum movement and striking his chin.",0,False,False,False
R000202,2016-08-30,Country_02,Local_08,Metals,II,II,Female,Third Party (Remote),Others,"During the execution of the area cleaning activity using a hoe, the employee hit against a fixed metal structure in the area, coming to reach the abdomen on the left.","during the execution of the area cleaning activity using a hoe, the employee hit against a fixed metal structure in the area, coming to reach the abdomen on the left.",0,False,False,False
R000011,2016-01-28,Country_01,Local_03,Mining,I,III,Male,Employee,Others,"While installing a segment of the polyurethane pulley protective lyner - 60x4x5cm weighing 1.2 kg - on the head pulley of the ore winch, when the pulley is rotated to compress the lyner inside the channel, it falls from its housing 1.50 m rubbing the right side of the worker's hip, generating the injury described.","while installing a segment of the polyurethane pulley protective lyner - 60x4x5cm weighing 1.2 kg - on the head pulley of the ore winch, when the pulley is rotated to compress the lyner inside the channel, it falls from its housing 1.50 m rubbing the right side of the worker's hip, generating the injury described.",0,False,False,False
R000214,2016-09-13,Country_02,Local_05,Metals,I,II,Male,Employee,Suspended Loads,"employee was removing the strap from a chemical container as it projected toward him reaching his lower lip and anterior chest, the strap was contaminated with caustic soda and caused a 1st degree burn.","employee was removing the strap from a chemical container as it projected toward him reaching his lower lip and anterior chest, the strap was contaminated with caustic soda and caused a 1st degree burn.",0,False,False,False
R000057,2016-03-13,Country_01,Local_03,Mining,I,III,Male,Employee,Others,"In circumstances that the Operator 176 was going from level 620 to level 640, he noticed that the hydraulic pump's inspection cover (18 ""x32"" x3 / 8 "", 15 Kg approx.) Was about to fall, so he stopped the equipment, activates the cats and climbs up the upper part of the equipment and in moments that accommodated the cover it slides on its middle finger causing the injury.","in circumstances that the operator 176 was going from level 620 to level 640, he noticed that the hydraulic pump's inspection cover (18 ""x32"" x3 / 8 "", 15 kg approx.) was about to fall, so he stopped the equipment, activates the cats and climbs up the upper part of the equipment and in moments that accommodated the cover it slides on its middle finger causing the injury.",0,False,False,False
R000251,2016-11-08,Country_02,Local_08,Metals,I,II,Male,Employee,Others,"When igniting the furnace 07 of the battery I, there was reflux of hot gas, reaching the face of the employee.","when igniting the furnace 07 of the battery i, there was reflux of hot gas, reaching the face of the employee.",0,False,False,False
R000366,2017-04-04,Country_03,Local_10,Others,I,I,Male,Third Party,Venomous Animals,"On 04/04/2017, around 13: 30hs, during the current sediment activity the collaborator Warley took a bee sting in the neck, the same was using the screen, but the bee entered the bottom of the screen . After the sting the team decided to leave the workplace due to the presence of other bees. The collaborator had no reaction and continued to work normally.","on 04/04/2017, around 13: 30hs, during the current sediment activity the collaborator warley took a bee sting in the neck, the same was using the screen, but the bee entered the bottom of the screen . after the sting the team decided to leave the workplace due to the presence of other bees. the collaborator had no reaction and continued to work normally.",0,False,False,False
R000402,2017-06-09,Country_01,Local_03,Mining,I,IV,Male,Third Party,Projection,"At Level 2930 in the guide wire chamber, during the preparation activity of mix for the shocrete the worker performs the emptying of a bag of cement towards a bucket to complete the dosage, at that moment the dust generated by the cement enters by the lower part of the lenses to the left eye causing irritation.","at level 2930 in the guide wire chamber, during the preparation activity of mix for the shocrete the worker performs the emptying of a bag of cement towards a bucket to complete the dosage, at that moment the dust generated by the cement enters by the lower part of the lenses to the left eye causing irritation.",1,False,False,False
R000297,2017-01-14,Country_01,Local_03,Mining,I,IV,Male,Third Party,Projection,"During the activity of settling of concrete blocks for the ventilation plug wall in the CX-943 of level 3590, in circumstances that the worker made the setting of the union between concrete blocks, a polyethylene pipe of 2 ""diameter was picks up the spike and when it hits it hits the top of the worker's protector.","during the activity of settling of concrete blocks for the ventilation plug wall in the cx-943 of level 3590, in circumstances that the worker made the setting of the union between concrete blocks, a polyethylene pipe of 2 ""diameter was picks up the spike and when it hits it hits the top of the worker's protector.",1,False,False,False
R000250,2016-11-08,Country_01,Local_04,Mining,I,IV,Male,Employee,Others,"Mr. Eriks after having completed the change of guide pole in the conveyor belt 7-1, the collaborator moved to the other side of the belt to remove the tecl, passes under the stairs without getting to observe that in that moment the collaborator Jhon dropped an inchancable of a weight approx. of 15 kg. From the entrance platform to the chute of discharge, at a height of 1.80 meters, the iron grazed him on the forearm, finally hitting his left foot at the height of the instep.","mr. eriks after having completed the change of guide pole in the conveyor belt 7-1, the collaborator moved to the other side of the belt to remove the tecl, passes under the stairs without getting to observe that in that moment the collaborator jhon dropped an inchancable of a weight approx. of 15 kg. from the entrance platform to the chute of discharge, at a height of 1.80 meters, the iron grazed him on the forearm, finally hitting his left foot at the height of the instep.",1,False,False,False
R000408,2017-06-14,Country_02,Local_02,Mining,III,IV,Male,Third Party (Remote),Pressed,"The employee performed insertion and adjustment of the joint in the blind flange of a 54 ""tubing, when one of the wedges shifted, causing movement in the flange, causing the 3rd and 4th fingers of the left hand to be pressed.","the employee performed insertion and adjustment of the joint in the blind flange of a 54 ""tubing, when one of the wedges shifted, causing movement in the flange, causing the 3rd and 4th fingers of the left hand to be pressed.",1,False,False,False
R000041,2016-02-29,Country_02,Local_02,Mining,II,IV,Male,Employee,Others,"During maintenance of the Flyght pump rotor, the oil pressure of the the lubrication chamber caused the chamber cover to be projected towards the employee's face, striking him superficially on the forehead, causing injury.","during maintenance of the flyght pump rotor, the oil pressure of the the lubrication chamber caused the chamber cover to be projected towards the employee's face, striking him superficially on the forehead, causing injury.",1,False,False,False
R000233,2016-10-04,Country_03,Local_10,Others,III,III,Male,Employee,Others,"In the probe 5068 bore BAPDD00146, around 15:00 hours, the polling assistant Luciano da Silva performing the maneuver of descending rods, led the rod to the gutter, but this when not leaning suitably came to escape the gutter returning toward the easel. His hand had slipped and his little finger was between the rod and the easel. Realizing that the shaft had returned, he released it. immediately, but his little finger was partially hit by the rim of the rod against the easel resulting in a cut. The auxiliary was taken to hospital and attended to, the wound resulted in 5 points and the was released for administrative activities.","in the probe 5068 bore bapdd00146, around 15:00 hours, the polling assistant luciano da silva performing the maneuver of descending rods, led the rod to the gutter, but this when not leaning suitably came to escape the gutter returning toward the easel. his hand had slipped and his little finger was between the rod and the easel. realizing that the shaft had returned, he released it. immediately, but his little finger was partially hit by the rim of the rod against the easel resulting in a cut. the auxiliary was taken to hospital and attended to, the wound resulted in 5 points and the was released for administrative activities.",0,False,False,False
R000188,2016-08-11,Country_02,Local_02,Mining,IV,IV,Male,Third Party (Remote),Others,"During the withdrawal of the fixed jaw wedge from the crusher 41BR01, the hoisting device (hook) was broken causing the steel cable of the overhead crane to strike the left hand of the employee.","during the withdrawal of the fixed jaw wedge from the crusher 41br01, the hoisting device (hook) was broken causing the steel cable of the overhead crane to strike the left hand of the employee.",1,False,False,False
R000364,2017-04-05,Country_02,Local_05,Metals,I,IV,Male,Employee,Suspended Loads,Employee performed the task of hoisting big-bags containing waelz oxide and after performing several hoistings the employee suffered a low-voltage electric shock when contacting the hoist when attaching the handle of a big-bag on it.,employee performed the task of hoisting big-bags containing waelz oxide and after performing several hoistings the employee suffered a low-voltage electric shock when contacting the hoist when attaching the handle of a big-bag on it.,1,False,False,False
R000111,2016-05-04,Country_01,Local_04,Mining,I,III,Male,Employee,Others,"Being 11:30 am. approximately, in the Nv. 1940, CX-791. Mr. Francisco - Operator of the Scoop 18, observes a polyethylene pipe thrown on the road, proceeding to lower his equipment and when was found by lifting the pipe to the hook of the right gable, a piece of rock that was suspended in the lectro-welded mesh, impacting on the operator's right eyebrow, causing the injury.","being 11:30 am. approximately, in the nv. 1940, cx-791. mr. francisco - operator of the scoop 18, observes a polyethylene pipe thrown on the road, proceeding to lower his equipment and when was found by lifting the pipe to the hook of the right gable, a piece of rock that was suspended in the lectro-welded mesh, impacting on the operator's right eyebrow, causing the injury.",0,False,False,False
R000189,2016-08-11,Country_02,Local_12,Others,I,IV,Female,Employee,Others,"On leaving the Company the employee stumbled onto the exit ladder of the building and fell 3 steps, causing twisting of the ankle and grating on the cinnamon","on leaving the company the employee stumbled onto the exit ladder of the building and fell 3 steps, causing twisting of the ankle and grating on the cinnamon",1,False,False,False
R000212,2016-09-13,Country_01,Local_03,Mining,I,IV,Male,Third Party,Others,"When trying to release the pipe (HDP pipe, 50m long and 2 ""diameter) stuck in the support mesh, the master loader and his assistant pull the pipe to release it, when the pipe is released hits the lateral part of the cheekbone and the eyelid worker's right generating the described injury.","when trying to release the pipe (hdp pipe, 50m long and 2 ""diameter) stuck in the support mesh, the master loader and his assistant pull the pipe to release it, when the pipe is released hits the lateral part of the cheekbone and the eyelid worker's right generating the described injury.",1,False,False,False
R000177,2016-07-20,Country_02,Local_05,Metals,I,III,Male,Employee,Chemical substances,"The employee reports that he was draining ammonia, used as a refrigerant, into a container of water when splashes of the solution drained onto his face.","the employee reports that he was draining ammonia, used as a refrigerant, into a container of water when splashes of the solution drained onto his face.",0,False,False,False
R000187,2016-08-04,Country_02,Local_08,Metals,I,II,Male,Employee,Cut,"When removing the cap from the wear plate of the Warman LX-BB-01 pump, the left hand of the employee who was with the glove slipped came to have contact with the cutting part of the board.","when removing the cap from the wear plate of the warman lx-bb-01 pump, the left hand of the employee who was with the glove slipped came to have contact with the cutting part of the board.",0,False,False,False
R000076,2016-04-02,Country_01,Local_01,Mining,I,III,Male,Employee,Others,"Parking the equipment Dumper ° 18 in the maintenance workshop, the mechanic asks the operator to back off the equipment for washing, then the operator starts the reverse gear with the cab door fully open, upon reaching the washing area (8 meters behind), brakes and the cabin door closes untimely and hits your face, causing a minor injury. In the area was the mechanic at floor level in a safe place.","parking the equipment dumper ° 18 in the maintenance workshop, the mechanic asks the operator to back off the equipment for washing, then the operator starts the reverse gear with the cab door fully open, upon reaching the washing area (8 meters behind), brakes and the cabin door closes untimely and hits your face, causing a minor injury. in the area was the mechanic at floor level in a safe place.",0,False,False,False
R000372,2017-04-11,Country_01,Local_03,Mining,I,IV,Male,Third Party (Remote),Electrical Shock,"In tower N ° 6 of the old 50 KV LT (disabled and de-energized and 90% disassembled) located in the city of Pasco, the cutting of the last profiles of the base of the tower previously disassembled was carried out, using oxyfuel equipment, at 11:45 a.m., the safety supervisor of Proingcom and the foreman, who were in the external part of the fenced area supervising the activity, indicate the paralysis of activities and evacuation to the refuge due to the orange alert indicated on the detector of storms. During the evacuation of the last 02 employees who were inside the fenced area, a loud sound was heard, provoking a scare, which caused the staff to throw themselves to the floor within the area, then proceeded to leave the work area by their own means through the staircase. Apparently the loud sound would correspond to an electrical discharge in the cable guard that passes over the old towers.","in tower n ° 6 of the old 50 kv lt (disabled and de-energized and 90% disassembled) located in the city of pasco, the cutting of the last profiles of the base of the tower previously disassembled was carried out, using oxyfuel equipment, at 11:45 a.m., the safety supervisor of proingcom and the foreman, who were in the external part of the fenced area supervising the activity, indicate the paralysis of activities and evacuation to the refuge due to the orange alert indicated on the detector of storms. during the evacuation of the last 02 employees who were inside the fenced area, a loud sound was heard, provoking a scare, which caused the staff to throw themselves to the floor within the area, then proceeded to leave the work area by their own means through the staircase. apparently the loud sound would correspond to an electrical discharge in the cable guard that passes over the old towers.",1,False,False,False
R000045,2016-03-02,Country_01,Local_06,Metals,I,III,Male,Employee,Blocking and isolation of energies,"During the start of the neutral leaching process, the employee Jhonatan proceeds to open the air valve of the tank Airlift a circumstance in which the process solution returns through the chimney, the solution coming into contact with the arm and right foot.","during the start of the neutral leaching process, the employee jhonatan proceeds to open the air valve of the tank airlift a circumstance in which the process solution returns through the chimney, the solution coming into contact with the arm and right foot.",0,False,False,False
R000134,2016-06-02,Country_02,Local_05,Metals,I,III,Male,Employee,Cut,"During the process of washing the material (Becker), the tip of the material was broken which caused a cut of the 5th finger of the right hand","during the process of washing the material (becker), the tip of the material was broken which caused a cut of the 5th finger of the right hand",0,False,False,False
R000230,2016-10-03,Country_02,Local_05,Metals,I,III,Male,Employee,Pressed,"After carrying out the supply operation of the zinc powder container using the crane to move it, the employee closed the lower lock of this same container and when making the movement to push the lock made an excessive effort with the thumb of the right hand, causing sprain.","after carrying out the supply operation of the zinc powder container using the crane to move it, the employee closed the lower lock of this same container and when making the movement to push the lock made an excessive effort with the thumb of the right hand, causing sprain.",0,False,False,False
R000355,2017-03-15,Country_03,Local_10,Others,I,I,Male,Third Party,Venomous Animals,"Team of the VMS Project performed soil collection on the Xixás target with 3 members. When the teams were moving from one collection point to another, Mr. Fabio was ahead of the team, stinging behind Robson and Manoel da Silva. near the collection point were surprised by a swarm of bees that was inside a I play near the ground, with no visibility in the woods and no hissing noise. Fabio passed by the stump, but Robson and Manoel da Silva were attacked by the bees. Robson had a sting in his left arm over his uniform and Manoel da Silva had a prick in his lip as his screen ripped as he tangled in the branches during the escape.","team of the vms project performed soil collection on the xixás target with 3 members. when the teams were moving from one collection point to another, mr. fabio was ahead of the team, stinging behind robson and manoel da silva. near the collection point were surprised by a swarm of bees that was inside a i play near the ground, with no visibility in the woods and no hissing noise. fabio passed by the stump, but robson and manoel da silva were attacked by the bees. robson had a sting in his left arm over his uniform and manoel da silva had a prick in his lip as his screen ripped as he tangled in the branches during the escape.",0,True,True,False
R000256,2016-11-23,Country_01,Local_06,Metals,I,IV,Male,Employee,Others,"The operator when descending by ladder of sailor of 6 steps, falls to the floor going down of the 3er. step, falling on his back and hitting his head. The worker used the chin strap with the helmet, a safety element that reduced the injury from the blow. He was treated at the medical center with local treatment, referred to the Clinic for re-evaluation.","the operator when descending by ladder of sailor of 6 steps, falls to the floor going down of the 3er. step, falling on his back and hitting his head. the worker used the chin strap with the helmet, a safety element that reduced the injury from the blow. he was treated at the medical center with local treatment, referred to the clinic for re-evaluation.",1,False,False,False
R000050,2016-03-06,Country_01,Local_03,Mining,III,IV,Male,Third Party (Remote),Others,"At a time when a worker and another partner were preparing to move an oil cylinder (55 gallons) on a mobile platform mounted on rails (platform weighing approximately 200 kg) it is derailed (leaves the rail). In order to place the platform on the rail, both workers lift the platform and in those instants the right hand of one of them is trapped between the rail and the platform structure where it was held (metallic tube protruding from the platform). This accident caused a bruised wound on the index finger of the right hand, there was no fracture. At the time of the accident they both wore leather-type safety gloves.","at a time when a worker and another partner were preparing to move an oil cylinder (55 gallons) on a mobile platform mounted on rails (platform weighing approximately 200 kg) it is derailed (leaves the rail). in order to place the platform on the rail, both workers lift the platform and in those instants the right hand of one of them is trapped between the rail and the platform structure where it was held (metallic tube protruding from the platform). this accident caused a bruised wound on the index finger of the right hand, there was no fracture. at the time of the accident they both wore leather-type safety gloves.",1,False,False,False
R000066,2016-03-18,Country_02,Local_05,Metals,I,IV,Male,Employee,Chemical substances,"The employee was transiting toward the cadmium factory, near tank 1440 on copper sulphate, when acid solution spilled in his direction, reaching his legs causing minor burns.","the employee was transiting toward the cadmium factory, near tank 1440 on copper sulphate, when acid solution spilled in his direction, reaching his legs causing minor burns.",1,False,False,False
R000118,2016-05-11,Country_01,Local_01,Mining,I,IV,Male,Third Party,Others,"In moments that the truck of transport of personnel of the company MCEISA plate AJG-751, moved from the Nv 3300 to surface, missing 50m to reach the mouth of the Nv 3900, the gearbox does not respond so the driver stops the truck to inspect it along with maintenance personnel who At that time I was traveling in the truck. They raise the cabin to manually put the change in first and continue the trip, culminated this task the driver with the support of the maintenance personnel lower the cabin which due to the weight falls hitting the driver between the cabin and the hopper of the truck. At the time of the accident the employee was wearing his safety helmet and chin strap.","in moments that the truck of transport of personnel of the company mceisa plate ajg-751, moved from the nv 3300 to surface, missing 50m to reach the mouth of the nv 3900, the gearbox does not respond so the driver stops the truck to inspect it along with maintenance personnel who at that time i was traveling in the truck. they raise the cabin to manually put the change in first and continue the trip, culminated this task the driver with the support of the maintenance personnel lower the cabin which due to the weight falls hitting the driver between the cabin and the hopper of the truck. at the time of the accident the employee was wearing his safety helmet and chin strap.",1,False,False,False
R000033,2016-02-21,Country_01,Local_01,Mining,III,IV,Male,Third Party,Others,"The worker Yaranga while working with barretilla in Stop 996, Level 3300. While unloading metal mesh, on the basket of an ampoloader with his operator Juan barretilla is embedded on safety boot, reacting immediately the worker removing the limb with force and managing to release the foot, but producing a wound on the right foot.","the worker yaranga while working with barretilla in stop 996, level 3300. while unloading metal mesh, on the basket of an ampoloader with his operator juan barretilla is embedded on safety boot, reacting immediately the worker removing the limb with force and managing to release the foot, but producing a wound on the right foot.",1,False,False,False
R000069,2016-03-25,Country_01,Local_01,Mining,I,IV,Male,Third Party,Others,"In circumstances that a dump truck laden with ore entered to unload backwards in a curve in the upper part of via La Laquia, the operator did not notice the unevenness in the road (approximately one meter) approaching the edge and overturning the truck on its right side. The operator traveled alone in the truck and made use of the safety belt, helmet and glasses at the time of the accident. During the unloading process, there were two squares that were 25 m from the accident site. The test of alcohotest to the operator was negative.","in circumstances that a dump truck laden with ore entered to unload backwards in a curve in the upper part of via la laquia, the operator did not notice the unevenness in the road (approximately one meter) approaching the edge and overturning the truck on its right side. the operator traveled alone in the truck and made use of the safety belt, helmet and glasses at the time of the accident. during the unloading process, there were two squares that were 25 m from the accident site. the test of alcohotest to the operator was negative.",1,False,False,False
R000023,2016-02-10,Country_01,Local_03,Mining,II,IV,Male,Third Party,Others,"While aligning the right bracket of tower N ° 32, when releasing the tension applied by the tirford of 1.5 Tn, when pushing the lever towards the tension release point, it returns by mechanical effect overcoming the resistance of the lineman operator and reshaping the the hands of the assistant beating the assistant in the frontal region.","while aligning the right bracket of tower n ° 32, when releasing the tension applied by the tirford of 1.5 tn, when pushing the lever towards the tension release point, it returns by mechanical effect overcoming the resistance of the lineman operator and reshaping the the hands of the assistant beating the assistant in the frontal region.",1,False,False,False
R000148,2016-06-16,Country_01,Local_03,Mining,I,IV,Male,Third Party,Others,"During the activity of construction of wall stopper with mortar blocks to improve ventilation in the intermediate zone; in moments that the bricklayer assistant was preparing to complete the construction of the 3.05m high wall, part of the wall - 12 blocks; 1.5 Kg per block - fall towards the scaffold, so the mason assistant jumps towards an accumulation of sand located on one side to avoid being hit by the blocks, during the fall the injury described occurs. At the time of the accident the mason assistant jumps from a height of 1.40 m from the floor of the work and used his personal safety equipment which reduced the impact of the fall.","during the activity of construction of wall stopper with mortar blocks to improve ventilation in the intermediate zone; in moments that the bricklayer assistant was preparing to complete the construction of the 3.05m high wall, part of the wall - 12 blocks; 1.5 kg per block - fall towards the scaffold, so the mason assistant jumps towards an accumulation of sand located on one side to avoid being hit by the blocks, during the fall the injury described occurs. at the time of the accident the mason assistant jumps from a height of 1.40 m from the floor of the work and used his personal safety equipment which reduced the impact of the fall.",1,False,False,False
R000158,2016-06-22,Country_01,Local_03,Mining,I,III,Male,Third Party (Remote),Others,"In level 2930 access Siemag camera roof, at times when the piquero civil operator looked for a stilson key of 12 ""inside its metal tool box, open the metal lid (1m x 0.6m x 0.7m; 5 Kg of weight) with both hands, then push the lid backwards positioning your right hand near the base of the lid causing an incentration of your fifth finger between the lid and the structure of the box at the height of the hinge. At the time of the accident, the employee wore pad gloves, which reduced the consequence of the injury.","in level 2930 access siemag camera roof, at times when the piquero civil operator looked for a stilson key of 12 ""inside its metal tool box, open the metal lid (1m x 0.6m x 0.7m; 5 kg of weight) with both hands, then push the lid backwards positioning your right hand near the base of the lid causing an incentration of your fifth finger between the lid and the structure of the box at the height of the hinge. at the time of the accident, the employee wore pad gloves, which reduced the consequence of the injury.",0,False,False,False
R000042,2016-02-26,Country_01,Local_06,Metals,I,IV,Male,Third Party (Remote),Pressurized Systems / Chemical Substances,"Approx. at 11:22 am there is a leakage of sulfur dioxide (SO2) from section 20/30 due to water seal blowing due to overpressure of the acid plant, at that moment there were 13 collaborators of CORMEI companies, EISSA and COSAPI doing work near the impacted area; who were evacuated to the medical center for their care, then returned to their usual work.","approx. at 11:22 am there is a leakage of sulfur dioxide (so2) from section 20/30 due to water seal blowing due to overpressure of the acid plant, at that moment there were 13 collaborators of cormei companies, eissa and cosapi doing work near the impacted area; who were evacuated to the medical center for their care, then returned to their usual work.",1,False,False,False
R000286,2017-01-02,Country_01,Local_06,Metals,I,II,Male,Third Party (Remote),Pressed,"At 13:40 hours, Mr. Jose performed the erasing of the earthenware of section 30, when turning on the machine of alizado (ironing) of concrete, this tour abruptly imprisoning his left hand between the command of the equipment and the metal structure, causing an atriction in the back of the left hand.","at 13:40 hours, mr. jose performed the erasing of the earthenware of section 30, when turning on the machine of alizado (ironing) of concrete, this tour abruptly imprisoning his left hand between the command of the equipment and the metal structure, causing an atriction in the back of the left hand.",0,False,False,False
R000048,2016-03-05,Country_01,Local_03,Mining,I,IV,Male,Employee,Others,"The locomotive No. 15 operated by MAPERU personnel, was directed with 10 wagons loaded with ore from the OP4 to the waste bin. Next to the waste bin, the patrol car (which goes on the back of the wagons) the moment it passed over a change of track, the left rear wheel of the patrol car leaves the rail advancing the locomotive leaving the patrol car tilted more ahead. The assistant motorist who traveled alone in the patrol car remained inside the structure and suffered minor bruises.","the locomotive no. 15 operated by maperu personnel, was directed with 10 wagons loaded with ore from the op4 to the waste bin. next to the waste bin, the patrol car (which goes on the back of the wagons) the moment it passed over a change of track, the left rear wheel of the patrol car leaves the rail advancing the locomotive leaving the patrol car tilted more ahead. the assistant motorist who traveled alone in the patrol car remained inside the structure and suffered minor bruises.",1,False,False,False
R000395,2017-05-18,Country_01,Local_06,Metals,IV,IV,Male,Third Party,Pressed,"Being 10:20 hours on 05/18/2017; At the end of the concentrate truck cleaning, the driver is instructed to close the gate; At that moment, Mr. Carlos who was in the back of the vehicle, reported having an injury to his left hand. He is transferred to the medical center for his attention and later evacuation to the clinic.","being 10:20 hours on 05/18/2017; at the end of the concentrate truck cleaning, the driver is instructed to close the gate; at that moment, mr. carlos who was in the back of the vehicle, reported having an injury to his left hand. he is transferred to the medical center for his attention and later evacuation to the clinic.",1,False,False,False
R000040,2016-02-24,Country_01,Local_01,Mining,I,IV,Male,Employee,Others,"During the pre-use inspection of the Jumbo 15 (check list) equipment, the operator of the equipment finds behind the seat a plastic bottle filled with a liquid apparently mineral water, without any label or labeling. Take the bottle and take a small sip of the liquid, expelling it immediately when noticing that it was not water, immediately proceeds to wash with enough water and is transferred to the medical center for your attention. The liquid with which it had contact is an esengrasante product of equipment and machinery of low toxicity.","during the pre-use inspection of the jumbo 15 (check list) equipment, the operator of the equipment finds behind the seat a plastic bottle filled with a liquid apparently mineral water, without any label or labeling. take the bottle and take a small sip of the liquid, expelling it immediately when noticing that it was not water, immediately proceeds to wash with enough water and is transferred to the medical center for your attention. the liquid with which it had contact is an esengrasante product of equipment and machinery of low toxicity.",1,False,False,False
R000271,2016-12-12,Country_01,Local_04,Mining,III,III,Male,Employee,Others,"When performing the Doosan RB-10 equipment hammer repair, the employee tries to remove the suspenders with the support of a 25-pound rope; At the moment of receiving the blow the brace or bolt causes a splinter to be released, expelling and impacting on the lower left limb causing metal embedding in it. The collaborator did not notice immediately.","when performing the doosan rb-10 equipment hammer repair, the employee tries to remove the suspenders with the support of a 25-pound rope; at the moment of receiving the blow the brace or bolt causes a splinter to be released, expelling and impacting on the lower left limb causing metal embedding in it. the collaborator did not notice immediately.",0,False,False,False
R000125,2016-05-22,Country_01,Local_03,Mining,I,IV,Male,Third Party,Others,"During the transit of the fuel tanker of level 3530 at level 2925 by the north ramp; When passing through level 3140 the operator feels that the right rear tire skids and when the operator performs a defensive maneuver the truck hits the left gable causing the injury described. At the time of the accident, the pilot and co-pilot were wearing a safety belt, their safety glasses and helmet.","during the transit of the fuel tanker of level 3530 at level 2925 by the north ramp; when passing through level 3140 the operator feels that the right rear tire skids and when the operator performs a defensive maneuver the truck hits the left gable causing the injury described. at the time of the accident, the pilot and co-pilot were wearing a safety belt, their safety glasses and helmet.",1,False,False,False
R000274,2016-12-15,Country_02,Local_05,Metals,I,III,Male,Employee,Others,"Employee reports that when returning the anode to the easel the even bumped into the side of the easel coming to swing and hit his right shoulder, causing bruise.","employee reports that when returning the anode to the easel the even bumped into the side of the easel coming to swing and hit his right shoulder, causing bruise.",0,False,False,False
R000052,2016-03-11,Country_01,Local_03,Mining,III,V,Male,Third Party,Others,"In circumstances that two workers of the company INCIMMET made the loading of explosives using an equipment anfoloader, in a front of the work - sustained with shotcreterepentinamente of the right superior part of the crown, a piece of rock of approx. 9. kg, (0.2mx0.15mx0.10m), impacting on the basket and on the back of the helper who was in the basket suspended at 2.2 m height, moments later a block of rock is detached from the wall of the gable approx. 1,500 kg. (1.20mx1.10mx0.40m), which impacts the ampoloader team and part of this block injures the operator of the ampoloader team who was standing on the ground. The equipment anfoloader has a cabin with protection ROPs and FOPs, at the time of the accident both workers used helmets and safety boots. Both suffered polyontusions and minor scoria injuries.","in circumstances that two workers of the company incimmet made the loading of explosives using an equipment anfoloader, in a front of the work - sustained with shotcreterepentinamente of the right superior part of the crown, a piece of rock of approx. 9. kg, (0.2mx0.15mx0.10m), impacting on the basket and on the back of the helper who was in the basket suspended at 2.2 m height, moments later a block of rock is detached from the wall of the gable approx. 1,500 kg. (1.20mx1.10mx0.40m), which impacts the ampoloader team and part of this block injures the operator of the ampoloader team who was standing on the ground. the equipment anfoloader has a cabin with protection rops and fops, at the time of the accident both workers used helmets and safety boots. both suffered polyontusions and minor scoria injuries.",1,False,False,False
R000284,2016-12-30,Country_01,Local_04,Mining,IV,V,Male,Third Party,Others,"At 13:40 hours, Mr. Hidalgo, wanting to climb on the starter board to remove the fans, stands on an unstable reel and, when driving, fell frontally at a height of 2.98m.","at 13:40 hours, mr. hidalgo, wanting to climb on the starter board to remove the fans, stands on an unstable reel and, when driving, fell frontally at a height of 2.98m.",1,False,False,False
R000368,2017-04-07,Country_01,Local_03,Mining,I,IV,Male,Third Party,Fall prevention,"At level 3790 (formerly level -280), the hydraulic filling personnel performed the installation of 4 ""diameter HDPE pipe through the ventilation chimney with the help of a 4-yard scooptram that held and pushed the end of the pipe. pipe (100 meters in length). At that moment the pipe gets stuck on the edge of the chimney causing the pipe to form an arc at the height where the injured worker was, who signals with the light of his lamp to the operator of the scooptram to stop and when trying to retire from the line of fire, the worker loses balance by light contact with the pipe causing fall at the same level.","at level 3790 (formerly level -280), the hydraulic filling personnel performed the installation of 4 ""diameter hdpe pipe through the ventilation chimney with the help of a 4-yard scooptram that held and pushed the end of the pipe. pipe (100 meters in length). at that moment the pipe gets stuck on the edge of the chimney causing the pipe to form an arc at the height where the injured worker was, who signals with the light of his lamp to the operator of the scooptram to stop and when trying to retire from the line of fire, the worker loses balance by light contact with the pipe causing fall at the same level.",1,False,False,False
R000311,2017-01-28,Country_01,Local_01,Mining,I,III,Male,Employee,Vehicles and Mobile Equipment,"At the moment of entering through the mouth of Tunel 3600, the employee moves on the left side of the locomotive LT-18 (locomotive of personnel transfer that was stationed at the entrance of the mouth) without noticing the protruding abutment of said locomotive at the bottom hitting his right knee with the metal stirrup. It should be noted that the operator continued his duties during the watch without reporting what happened. At 2:30 a.m. The extraction supervisor, upon noticing the discomfort of his partner in the knee, immediately evacuated him to Natclar after reporting to the control center.","at the moment of entering through the mouth of tunel 3600, the employee moves on the left side of the locomotive lt-18 (locomotive of personnel transfer that was stationed at the entrance of the mouth) without noticing the protruding abutment of said locomotive at the bottom hitting his right knee with the metal stirrup. it should be noted that the operator continued his duties during the watch without reporting what happened. at 2:30 a.m. the extraction supervisor, upon noticing the discomfort of his partner in the knee, immediately evacuated him to natclar after reporting to the control center.",0,False,False,False
R000394,2017-05-17,Country_02,Local_07,Mining,I,I,Male,Employee,Cut,"ACTIVITY: maintenance on scaller 07 - breaker arm extension cylinder LOCAL: underground mine (level 316) During the removal of the cylinder from the scaller arm, when releasing the fixing pin the cylinder ""came down"" and bumped into the tool used to press his hand between the tool and the structure of the equipment.","activity: maintenance on scaller 07 - breaker arm extension cylinder local: underground mine (level 316) during the removal of the cylinder from the scaller arm, when releasing the fixing pin the cylinder ""came down"" and bumped into the tool used to press his hand between the tool and the structure of the equipment.",0,False,False,False
R000126,2016-05-24,Country_03,Local_10,Others,IV,IV,Male,Third Party,Fall,"During field trip, to return to work after lunch, the employee of the Wellfield company slipped on the loose stones that were in the place. At that moment, with the intention of balancing, he tried hold onto a tree, falling under the right arm causing fracture at the distal end of the radius. The activity was paralyzed and the employee was referred to the Hospital in Paracatu where he underwent medical care.","during field trip, to return to work after lunch, the employee of the wellfield company slipped on the loose stones that were in the place. at that moment, with the intention of balancing, he tried hold onto a tree, falling under the right arm causing fracture at the distal end of the radius. the activity was paralyzed and the employee was referred to the hospital in paracatu where he underwent medical care.",1,False,False,False
R000353,2017-03-09,Country_02,Local_05,Metals,I,III,Male,Third Party,Machine Protection,"Employee was performing maintenance on filter press, in the Filtration area (GRS). When he dismantled the hose clamp in a turning motion, he had contact with the burr of the tip of one of the screws that was exposed, causing him a cut in his glove and wound in the 3rd quirodactilo of the left hand.","employee was performing maintenance on filter press, in the filtration area (grs). when he dismantled the hose clamp in a turning motion, he had contact with the burr of the tip of one of the screws that was exposed, causing him a cut in his glove and wound in the 3rd quirodactilo of the left hand.",0,False,False,False
R000380,2017-04-25,Country_02,Local_07,Mining,IV,V,Male,Employee,remains of choco,"ACTIVITY: front sanitation (slaughter of choco with scaller) LOCAL: underground mine, level 350 - front 45 Upper JKA The operator performed front sanitation when a rock block from the roof hit the equipment. The accident victim was promptly rescued by the unit's emergency brigade and transported to the outpatient clinic where he received the first care, and was then transferred to the Municipal of Paracatu.","activity: front sanitation (slaughter of choco with scaller) local: underground mine, level 350 - front 45 upper jka the operator performed front sanitation when a rock block from the roof hit the equipment. the accident victim was promptly rescued by the unit's emergency brigade and transported to the outpatient clinic where he received the first care, and was then transferred to the municipal of paracatu.",1,False,False,False
R000328,2017-02-13,Country_02,Local_05,Metals,III,IV,Male,Employee,Burn,"During the maintenance of the peristaltic pump 02BP0166 to change the internal hose, the rupture tubing of the reserve pump 02BP0167 was disrupted, after it started to operate, designing solution heated towards the employee, reaching his left forearm, causing a burn .","during the maintenance of the peristaltic pump 02bp0166 to change the internal hose, the rupture tubing of the reserve pump 02bp0167 was disrupted, after it started to operate, designing solution heated towards the employee, reaching his left forearm, causing a burn .",1,False,False,False
R000198,2016-08-25,Country_01,Local_03,Mining,I,IV,Male,Employee,Others,"At times when the collaborator was performing the evacuation of inchancables from the mine, present in Strip ° 1, of Phase he notices a piece of support mesh positioned between the frame and the return belt; After several attempts to remove this mesh, with the belt in movement and using a metal rake as support, the mesh yields moving in the direction of rotation of the return belt, hitting the collaborator's hand against the metal structure, causing contusion in the left hand. At the time of the accident the employee used his leather gloves.","at times when the collaborator was performing the evacuation of inchancables from the mine, present in strip ° 1, of phase he notices a piece of support mesh positioned between the frame and the return belt; after several attempts to remove this mesh, with the belt in movement and using a metal rake as support, the mesh yields moving in the direction of rotation of the return belt, hitting the collaborator's hand against the metal structure, causing contusion in the left hand. at the time of the accident the employee used his leather gloves.",1,False,False,False
R000063,2016-03-19,Country_01,Local_01,Mining,I,III,Male,Employee,Others,"During the placement of the last support mesh cloth of the work, in moments that from the ground the injured collaborator reached the electrowelded mesh to the operator of the scissor bolter positioned in the basket, when pressing on the mesh, one of the protruding ends of the mesh, crosses the leather glove causing an injury in his right hand.","during the placement of the last support mesh cloth of the work, in moments that from the ground the injured collaborator reached the electrowelded mesh to the operator of the scissor bolter positioned in the basket, when pressing on the mesh, one of the protruding ends of the mesh, crosses the leather glove causing an injury in his right hand.",0,False,False,False
R000072,2016-03-31,Country_01,Local_06,Metals,I,III,Male,Employee,Others,Being approximately 14:25 h when supervising the line clamping of the POM D071 Roy Canario returning to the thickener D1304 hits his nose with the metal chute out of operation.,being approximately 14:25 h when supervising the line clamping of the pom d071 roy canario returning to the thickener d1304 hits his nose with the metal chute out of operation.,0,False,False,False
R000298,2017-01-17,Country_01,Local_03,Mining,I,III,Male,Employee,remains of choco,"At level 3450, Tajo area 2; after completing the drilling of drills for loading; the operator removes the bit from the jumbo arm and walks towards the crew cabin; from the crown of the work a fragment of rock that passes through the cocada of the mesh of 3 ""and impacts on its helmet and rebound hits the right shoulder of the operator, generating the described injury.","at level 3450, tajo area 2; after completing the drilling of drills for loading; the operator removes the bit from the jumbo arm and walks towards the crew cabin; from the crown of the work a fragment of rock that passes through the cocada of the mesh of 3 ""and impacts on its helmet and rebound hits the right shoulder of the operator, generating the described injury.",0,False,False,False
R000112,2016-05-04,Country_02,Local_05,Metals,I,III,Female,Third Party (Remote),Chemical substances,"When conducting inspection to evaluate activity to be carried out in the pump house of the Ustulation steam station, it was hit by sulfuric acid spills from a line located above the pump house of the thermal recovery boiler.","when conducting inspection to evaluate activity to be carried out in the pump house of the ustulation steam station, it was hit by sulfuric acid spills from a line located above the pump house of the thermal recovery boiler.",0,False,False,False
R000093,2016-04-16,Country_01,Local_03,Mining,I,III,Male,Third Party,Others,"In moments that the worker-mechanic was the workshop of maintenance, the wire of his mining lamp is hooked with a drill hole (4.0 Kg) that was on the work table of the workshop, which fell 1.m and impacted his left foot causing a minor bruise. At the time of the accident the collaborator used his safety boots with steel toecap.","in moments that the worker-mechanic was the workshop of maintenance, the wire of his mining lamp is hooked with a drill hole (4.0 kg) that was on the work table of the workshop, which fell 1.m and impacted his left foot causing a minor bruise. at the time of the accident the collaborator used his safety boots with steel toecap.",0,False,False,False
R000319,2017-02-08,Country_01,Local_03,Mining,II,IV,Male,Third Party,Cut,"Being 12:20 hours Approximately, in circumstances that the Administrative SSOMAC, was arranged to move the guillotine of the right side towards the center of the table to make cuts of enmicadas pages, when trying to raise the guillotine the middle finger of the right hand It rubs against the edge of the guillotine blade, causing the cut in the yolk of the third finger of the right hand.","being 12:20 hours approximately, in circumstances that the administrative ssomac, was arranged to move the guillotine of the right side towards the center of the table to make cuts of enmicadas pages, when trying to raise the guillotine the middle finger of the right hand it rubs against the edge of the guillotine blade, causing the cut in the yolk of the third finger of the right hand.",1,False,False,False
R000044,2016-03-02,Country_02,Local_08,Metals,I,III,Male,Employee,Pressed,"The operator was in the center (Demag IV), performing maintenance. When transporting the hydraulic cylinder with the help of another operator the official was unbalanced coming the cylinder that carried to press his finger (Left thumb) against the pillar of support of the oven specified below (figure).","the operator was in the center (demag iv), performing maintenance. when transporting the hydraulic cylinder with the help of another operator the official was unbalanced coming the cylinder that carried to press his finger (left thumb) against the pillar of support of the oven specified below (figure).",0,False,False,False
R000273,2016-12-13,Country_01,Local_06,Metals,I,II,Male,Third Party,Others,"On December 13, the accessories coupling (gun - hose) of the high pressure pump (BAP) was made to clean the demister of the cooling tower G2172. carrying out the complete coupling, they turn on the BAP to start with the start test, at that moment the hose comes off the gun and hits Mr. Emerson who was holding the gun.","on december 13, the accessories coupling (gun - hose) of the high pressure pump (bap) was made to clean the demister of the cooling tower g2172. carrying out the complete coupling, they turn on the bap to start with the start test, at that moment the hose comes off the gun and hits mr. emerson who was holding the gun.",0,False,False,False
R000235,2016-10-10,Country_01,Local_03,Mining,I,IV,Male,Third Party (Remote),Others,"In the area of ​​equipment inspection, while the staff of the Atenuz EE, trying to remove the hydraulic hammer safety locks of the excavator, the mechanical lubricator holds with his right hand a hat-type chisel while the equipment mechanic hit the chisel with a 2-pound rubber bump to remove the safety, at which point one of the blows falls on the edge of the hat-type protector, causing it to slip and strike the fourth finger of the lubricant mechanic's right hand generating the described injury. At the time of the accident, the lubricator mechanic had put on the gloves type pad.","in the area of equipment inspection, while the staff of the atenuz ee, trying to remove the hydraulic hammer safety locks of the excavator, the mechanical lubricator holds with his right hand a hat-type chisel while the equipment mechanic hit the chisel with a 2-pound rubber bump to remove the safety, at which point one of the blows falls on the edge of the hat-type protector, causing it to slip and strike the fourth finger of the lubricant mechanic's right hand generating the described injury. at the time of the accident, the lubricator mechanic had put on the gloves type pad.",1,False,False,False
R000270,2016-12-13,Country_02,Local_02,Mining,I,II,Male,Third Party (Remote),Others,"During the activities of revegetation of the slopes of the pit pit II, the employee hitting the sledgehammer on the rods for installation of the lifeline, it hit his right leg, causing a slight excoriation.","during the activities of revegetation of the slopes of the pit pit ii, the employee hitting the sledgehammer on the rods for installation of the lifeline, it hit his right leg, causing a slight excoriation.",0,False,False,False
R000036,2016-02-18,Country_02,Local_05,Metals,I,III,Male,Third Party (Remote),Pressed,"When replacing the telescopic expansion joint of the HDPE pipe of the storm drainage pumping system, it reports that the piece involuntarily moved when it was positioned in the holder, pressing its finger against the holder, causing a wound 1 right chemo.","when replacing the telescopic expansion joint of the hdpe pipe of the storm drainage pumping system, it reports that the piece involuntarily moved when it was positioned in the holder, pressing its finger against the holder, causing a wound 1 right chemo.",0,False,False,False
R000253,2016-11-13,Country_01,Local_06,Metals,I,II,Male,Employee,Plates,"Being the 01:30 hrs, After the cathode goes through the pre estriping, the sheets are detached and bend to the cathode of its position, the operator with the assistant lift the cathode by the head to position it in the tranfer at that moment the detached sheet exerts pressure on the cathode hitting the palm of the left hand of the operator with the head and the transfe, activity is paralyzed and the collaborator is referred to the medical post by the head of the guard.","being the 01:30 hrs, after the cathode goes through the pre estriping, the sheets are detached and bend to the cathode of its position, the operator with the assistant lift the cathode by the head to position it in the tranfer at that moment the detached sheet exerts pressure on the cathode hitting the palm of the left hand of the operator with the head and the transfe, activity is paralyzed and the collaborator is referred to the medical post by the head of the guard.",0,False,False,False
R000249,2016-11-04,Country_01,Local_03,Mining,IV,V,Male,Employee,Others,"When observing the pulp overflow of the overflow reception drawer of the thickener, the filter operator approaches to verify the operation of the C7-26 pump, making sure that it was stopped. So press the keypad to start the pump and not getting the start, proceeds to remove the guard and manipulates the motor - pump transmission strips, being left hand imprisoned between the pulley of motor and transmission belt","when observing the pulp overflow of the overflow reception drawer of the thickener, the filter operator approaches to verify the operation of the c7-26 pump, making sure that it was stopped. so press the keypad to start the pump and not getting the start, proceeds to remove the guard and manipulates the motor - pump transmission strips, being left hand imprisoned between the pulley of motor and transmission belt",1,False,False,False
R000424,2017-07-06,Country_02,Local_05,Metals,I,II,Male,Employee,Cut,"The Employee performed the activity of stripping cathodes, when pulling the cathode sheet his hand hit the side of another cathode, causing a blunt cut on his 2nd finger of the left hand.","the employee performed the activity of stripping cathodes, when pulling the cathode sheet his hand hit the side of another cathode, causing a blunt cut on his 2nd finger of the left hand.",0,False,False,False
R000421,2017-07-04,Country_01,Local_04,Mining,I,III,Male,Third Party,Others,"Being approximately 5:00 a.m. approximately, when lifting the Kelly HQ towards the pulley of the frame to align it, the assistant Marco that is in the later one is struck the hand against the frame generating the injury.","being approximately 5:00 a.m. approximately, when lifting the kelly hq towards the pulley of the frame to align it, the assistant marco that is in the later one is struck the hand against the frame generating the injury.",0,False,False,False
R000068,2016-03-22,Country_01,Local_01,Mining,IV,IV,Male,Third Party,Others,"During the refurbishment work of the HDPE pipes (4 ""of diameter) with two workers, when the worker who secured the pipe with a chain, standing on the basket of the ampoloader - raised to a height of 3.0 m from the ground -, the pipe slipped and impacted his arm right, causing an injury to the radius of the right arm.","during the refurbishment work of the hdpe pipes (4 ""of diameter) with two workers, when the worker who secured the pipe with a chain, standing on the basket of the ampoloader - raised to a height of 3.0 m from the ground -, the pipe slipped and impacted his arm right, causing an injury to the radius of the right arm.",1,False,False,False
R000146,2016-06-10,Country_02,Local_05,Metals,I,III,Male,Third Party (Remote),Manual Tools,"The employee reports that he was working with brushcutters near the Stone when the blade of the equipment collided with a piece of metal that was projected toward his leg, causing injury to his left leg.","the employee reports that he was working with brushcutters near the stone when the blade of the equipment collided with a piece of metal that was projected toward his leg, causing injury to his left leg.",0,False,False,False
R000314,2017-02-01,Country_03,Local_10,Others,I,II,Male,Third Party,Projection/Choco,"On 01/02/2017, at 10:15 a.m., when performing the Soil activity, the collaborator Alex used a pickaxe to assist in the opening of the collection hole. As he struck the ferranta on the ground, he had a fragment of rock projected on his forehead causing a small cut. The activity was paralyzed for a few moments and it was not necessary to go to the doctor, the employee continued the activities normally.","on 01/02/2017, at 10:15 a.m., when performing the soil activity, the collaborator alex used a pickaxe to assist in the opening of the collection hole. as he struck the ferranta on the ground, he had a fragment of rock projected on his forehead causing a small cut. the activity was paralyzed for a few moments and it was not necessary to go to the doctor, the employee continued the activities normally.",0,False,False,False
R000350,2017-03-08,Country_03,Local_10,Others,I,I,Male,Third Party,Others,"On 08/03/2017 at 3:30 PM, when performing MAG activity, the employee Murilo da Silva, when moving in the acquisition line, came across a small drainage (approximately 40cm wide), with small gap. As he traversed the drainage, the employee rested his right foot on the ravine that came to rest, causing the right ankle to twist. Soon after the twisting, the activities were paralyzed and the employee was taken to the local hospital, where an x-ray was taken and an examination made by the physician. No serious injury was found, only a small swelling, then released to normal activities.","on 08/03/2017 at 3:30 pm, when performing mag activity, the employee murilo da silva, when moving in the acquisition line, came across a small drainage (approximately 40cm wide), with small gap. as he traversed the drainage, the employee rested his right foot on the ravine that came to rest, causing the right ankle to twist. soon after the twisting, the activities were paralyzed and the employee was taken to the local hospital, where an x-ray was taken and an examination made by the physician. no serious injury was found, only a small swelling, then released to normal activities.",0,False,False,False
R000349,2017-03-06,Country_01,Local_04,Mining,I,III,Male,Third Party (Remote),Fall,"Being 5:40 pm approx. when the collaborator Mr. Duval (sampler), was preparing to change and remove the buckets from the pulp samples of the plant courier, he slipped and fell to the ground supporting himself with the right hand generating the lesion described.","being 5:40 pm approx. when the collaborator mr. duval (sampler), was preparing to change and remove the buckets from the pulp samples of the plant courier, he slipped and fell to the ground supporting himself with the right hand generating the lesion described.",0,False,False,False
R000046,2016-03-03,Country_01,Local_03,Mining,I,III,Male,Third Party,Others,"At a time when two assistants were carrying a bag of cement weighing 42.5 kg to the lamp of the loader - suspended about 10 cm from the floor, the left foot of one of the assistants slid and hit the edge of the baton.","at a time when two assistants were carrying a bag of cement weighing 42.5 kg to the lamp of the loader - suspended about 10 cm from the floor, the left foot of one of the assistants slid and hit the edge of the baton.",0,False,False,False
R000067,2016-03-22,Country_01,Local_03,Mining,I,II,Male,Employee,Others,"When carrying out the activity of cutting electrowelded mesh on the work front, the assistant positions his feet on one end of the mesh leaving the other end free, at the moment that the assistant bends down to make the cut with the shear, the end free of the mesh returns by inertia hitting the partner above his safety lens.","when carrying out the activity of cutting electrowelded mesh on the work front, the assistant positions his feet on one end of the mesh leaving the other end free, at the moment that the assistant bends down to make the cut with the shear, the end free of the mesh returns by inertia hitting the partner above his safety lens.",0,False,False,False
R000064,2016-03-14,Country_02,Local_05,Metals,I,IV,Male,Employee,Chemical substances,The employee checked for acid leakage in the shipping area when he was hit by splashes of solution in his right hemiface.,the employee checked for acid leakage in the shipping area when he was hit by splashes of solution in his right hemiface.,1,False,False,False
R000379,2017-04-25,Country_03,Local_10,Others,I,I,Male,Third Party,Venomous Animals,"During the execution of the soil sampling task, in the Potions area, around 3:00 pm Pablo was moving on the bite and was bitten by a right elbow wasp over the sleeve uniform. He was using at the time of the incident all the PPE needed for the activity. The employee was evaluated by the team who found it to be a mild injury with localized swelling. The employee reported that he did not feel any pain and that he could continue the activity.","during the execution of the soil sampling task, in the potions area, around 3:00 pm pablo was moving on the bite and was bitten by a right elbow wasp over the sleeve uniform. he was using at the time of the incident all the ppe needed for the activity. the employee was evaluated by the team who found it to be a mild injury with localized swelling. the employee reported that he did not feel any pain and that he could continue the activity.",0,False,False,False
